[2025-04-23T05:07:30.115Z] [INFO] MQTT Service is disabled (MOCK version)
[2025-04-23T05:21:46.547Z] [INFO] MQTT Service is disabled (MOCK version)
[2025-04-23T05:25:45.877Z] [INFO] MQTT publish skipped (DISABLED): Topic: yolohome/devices/4/control
[2025-04-23T05:25:45.882Z] [INFO] Sending command to Adafruit: Air Quality = 1
[2025-04-23T05:25:46.632Z] [INFO] MQTT publish skipped (DISABLED): Topic: yolohome/devices/4/control
[2025-04-23T05:25:46.643Z] [INFO] Sending command to Adafruit: Air Quality = 0
[2025-04-23T05:25:47.046Z] [ERROR] Error sending command to Adafruit: Error: Error sending command to Adafruit: Not Found
[2025-04-23T05:25:47.331Z] [INFO] MQTT publish skipped (DISABLED): Topic: yolohome/devices/2/control
[2025-04-23T05:25:47.335Z] [INFO] Sending command to Adafruit: Temperature Control = 1
[2025-04-23T05:25:47.607Z] [ERROR] Error sending command to Adafruit: Error: Error sending command to Adafruit: Not Found
[2025-04-23T05:25:47.684Z] [ERROR] Error sending command to Adafruit: Error: Error sending command to Adafruit: Not Found
[2025-04-23T05:25:48.540Z] [INFO] MQTT publish skipped (DISABLED): Topic: yolohome/devices/3/control
[2025-04-23T05:25:48.546Z] [INFO] Sending command to Adafruit: Security = 1
[2025-04-23T05:25:48.818Z] [ERROR] Error sending command to Adafruit: Error: Error sending command to Adafruit: Not Found
[2025-04-23T05:25:49.008Z] [INFO] MQTT publish skipped (DISABLED): Topic: yolohome/devices/3/control
[2025-04-23T05:25:49.012Z] [INFO] Sending command to Adafruit: Security = 0
[2025-04-23T05:25:49.286Z] [ERROR] Error sending command to Adafruit: Error: Error sending command to Adafruit: Not Found
[2025-04-23T05:25:50.032Z] [INFO] MQTT publish skipped (DISABLED): Topic: yolohome/devices/2/control
[2025-04-23T05:25:50.037Z] [INFO] Sending command to Adafruit: Temperature Control = 0
[2025-04-23T05:25:50.309Z] [ERROR] Error sending command to Adafruit: Error: Error sending command to Adafruit: Not Found
[2025-04-23T05:25:51.141Z] [INFO] MQTT publish skipped (DISABLED): Topic: yolohome/devices/1/control
[2025-04-23T05:25:51.147Z] [INFO] Sending command to Adafruit: Lighting = 1
[2025-04-23T05:25:51.421Z] [ERROR] Error sending command to Adafruit: Error: Error sending command to Adafruit: Not Found
[2025-04-23T05:25:51.520Z] [INFO] MQTT publish skipped (DISABLED): Topic: yolohome/devices/1/control
[2025-04-23T05:25:51.524Z] [INFO] Sending command to Adafruit: Lighting = 0
[2025-04-23T05:25:51.797Z] [ERROR] Error sending command to Adafruit: Error: Error sending command to Adafruit: Not Found
[2025-04-23T05:25:52.416Z] [INFO] MQTT publish skipped (DISABLED): Topic: yolohome/devices/5/control
[2025-04-23T05:25:52.420Z] [INFO] Sending command to Adafruit: Security = 1
[2025-04-23T05:25:52.695Z] [ERROR] Error sending command to Adafruit: Error: Error sending command to Adafruit: Not Found
[2025-04-23T05:26:13.166Z] [INFO] MQTT publish skipped (DISABLED): Topic: yolohome/devices/4/control
[2025-04-23T05:26:13.172Z] [INFO] Sending command to Adafruit: Air Quality = 1
[2025-04-23T05:26:13.586Z] [INFO] MQTT publish skipped (DISABLED): Topic: yolohome/devices/4/control
[2025-04-23T05:26:13.591Z] [INFO] Sending command to Adafruit: Air Quality = 0
[2025-04-23T05:26:14.241Z] [ERROR] Error sending command to Adafruit: Error: Error sending command to Adafruit: Not Found
[2025-04-23T05:26:14.378Z] [ERROR] Error sending command to Adafruit: Error: Error sending command to Adafruit: Not Found
[2025-04-23T06:43:29.382Z] [INFO] MQTT Service is disabled (MOCK version)
[2025-04-23T07:06:29.328Z] [INFO] MQTT publish skipped (DISABLED): Topic: yolohome/devices/1/control
[2025-04-23T07:06:29.336Z] [INFO] Sending command to Adafruit: Cooling = 1
[2025-04-23T07:06:29.997Z] [INFO] MQTT publish skipped (DISABLED): Topic: yolohome/devices/1/control
[2025-04-23T07:06:30.004Z] [INFO] Sending command to Adafruit: Cooling = 0
[2025-04-23T07:06:30.329Z] [ERROR] Error sending command to Adafruit: Error: Error sending command to Adafruit: Not Found
[2025-04-23T07:06:30.538Z] [INFO] MQTT publish skipped (DISABLED): Topic: yolohome/devices/1/control
[2025-04-23T07:06:30.548Z] [INFO] Sending command to Adafruit: Cooling = 1
[2025-04-23T07:06:30.803Z] [ERROR] Error sending command to Adafruit: Error: Error sending command to Adafruit: Not Found
[2025-04-23T07:06:30.817Z] [ERROR] Error sending command to Adafruit: Error: Error sending command to Adafruit: Not Found
[2025-04-23T07:06:32.328Z] [INFO] MQTT publish skipped (DISABLED): Topic: yolohome/devices/1/control
[2025-04-23T07:06:32.333Z] [INFO] Sending command to Adafruit: Cooling = 0
[2025-04-23T07:06:32.599Z] [ERROR] Error sending command to Adafruit: Error: Error sending command to Adafruit: Not Found
[2025-04-23T07:06:32.850Z] [INFO] MQTT publish skipped (DISABLED): Topic: yolohome/devices/1/control
[2025-04-23T07:06:32.855Z] [INFO] Sending command to Adafruit: Cooling = 1
[2025-04-23T07:06:33.120Z] [ERROR] Error sending command to Adafruit: Error: Error sending command to Adafruit: Not Found
[2025-04-23T07:06:36.430Z] [INFO] MQTT publish skipped (DISABLED): Topic: yolohome/devices/1/control
[2025-04-23T07:06:36.438Z] [INFO] Sending command to Adafruit: Cooling = 0
[2025-04-23T07:06:36.704Z] [ERROR] Error sending command to Adafruit: Error: Error sending command to Adafruit: Not Found
[2025-04-23T07:07:11.964Z] [INFO] MQTT publish skipped (DISABLED): Topic: yolohome/devices/1/control
[2025-04-23T07:07:11.970Z] [INFO] Sending command to Adafruit: Cooling = 1
[2025-04-23T07:07:12.183Z] [INFO] MQTT publish skipped (DISABLED): Topic: yolohome/devices/1/control
[2025-04-23T07:07:12.189Z] [INFO] Sending command to Adafruit: Cooling = 0
[2025-04-23T07:07:12.968Z] [ERROR] Error sending command to Adafruit: Error: Error sending command to Adafruit: Not Found
[2025-04-23T07:07:12.996Z] [ERROR] Error sending command to Adafruit: Error: Error sending command to Adafruit: Not Found
[2025-04-23T08:17:37.314Z] [INFO] MQTT Service is disabled (MOCK version)
[2025-04-23T08:17:53.342Z] [INFO] MQTT publish skipped (DISABLED): Topic: yolohome/devices/1/control
[2025-04-23T08:17:53.348Z] [INFO] Sending command to Adafruit: Cooling = 1
[2025-04-23T08:17:54.483Z] [INFO] MQTT publish skipped (DISABLED): Topic: yolohome/devices/2/control
[2025-04-23T08:17:54.490Z] [INFO] Sending command to Adafruit: Lighting = 1
[2025-04-23T08:17:54.539Z] [ERROR] Error sending command to Adafruit: Error: Error sending command to Adafruit: Not Found
[2025-04-23T08:17:55.280Z] [ERROR] Error sending command to Adafruit: Error: Error sending command to Adafruit: Not Found
[2025-04-23T08:17:55.539Z] [INFO] MQTT publish skipped (DISABLED): Topic: yolohome/devices/2/control
[2025-04-23T08:17:55.544Z] [INFO] Sending command to Adafruit: Lighting = 0
[2025-04-23T08:17:55.807Z] [ERROR] Error sending command to Adafruit: Error: Error sending command to Adafruit: Not Found
[2025-04-23T08:17:56.728Z] [INFO] MQTT publish skipped (DISABLED): Topic: yolohome/devices/1/control
[2025-04-23T08:17:56.733Z] [INFO] Sending command to Adafruit: Cooling = 0
[2025-04-23T08:17:56.996Z] [ERROR] Error sending command to Adafruit: Error: Error sending command to Adafruit: Not Found
[2025-04-23T09:32:02.977Z] [INFO] Starting Adafruit sync service
[2025-04-23T09:32:02.968Z] [INFO] MQTT Service is disabled (MOCK version)
[2025-04-23T09:32:05.006Z] [INFO] Fetching data from Adafruit IO
[2025-04-23T09:32:05.880Z] [ERROR] Error fetching data from Adafruit:
[2025-04-23T09:32:05.880Z] [ERROR] Error in scheduled Adafruit sync:
[2025-04-23T09:32:10.130Z] [INFO] Fetching data from Adafruit IO
[2025-04-23T09:32:11.214Z] [ERROR] Error fetching data from Adafruit:
[2025-04-23T09:32:11.215Z] [ERROR] Error in scheduled Adafruit sync:
[2025-04-23T09:32:15.156Z] [INFO] Fetching data from Adafruit IO
[2025-04-23T09:32:15.428Z] [ERROR] Error fetching data from Adafruit:
[2025-04-23T09:32:15.428Z] [ERROR] Error in scheduled Adafruit sync:
[2025-04-23T09:32:20.198Z] [INFO] Fetching data from Adafruit IO
[2025-04-23T09:32:20.995Z] [ERROR] Error fetching data from Adafruit:
[2025-04-23T09:32:20.996Z] [ERROR] Error in scheduled Adafruit sync:
[2025-04-23T09:32:25.260Z] [INFO] Fetching data from Adafruit IO
[2025-04-23T09:32:26.039Z] [ERROR] Error fetching data from Adafruit:
[2025-04-23T09:32:26.040Z] [ERROR] Error in scheduled Adafruit sync:
[2025-04-23T09:32:30.315Z] [INFO] Fetching data from Adafruit IO
[2025-04-23T09:32:31.119Z] [ERROR] Error in scheduled Adafruit sync:
[2025-04-23T09:32:31.116Z] [ERROR] Error fetching data from Adafruit:
[2025-04-23T09:32:35.377Z] [INFO] Fetching data from Adafruit IO
[2025-04-23T09:32:36.162Z] [ERROR] Error fetching data from Adafruit:
[2025-04-23T09:32:36.162Z] [ERROR] Error in scheduled Adafruit sync:
[2025-04-23T09:32:40.435Z] [INFO] Fetching data from Adafruit IO
[2025-04-23T09:32:41.233Z] [ERROR] Error fetching data from Adafruit:
[2025-04-23T09:32:41.234Z] [ERROR] Error in scheduled Adafruit sync:
[2025-04-23T09:32:45.492Z] [INFO] Fetching data from Adafruit IO
[2025-04-23T09:32:46.537Z] [ERROR] Error fetching data from Adafruit:
[2025-04-23T09:32:46.538Z] [ERROR] Error in scheduled Adafruit sync:
[2025-04-23T09:32:50.538Z] [INFO] Fetching data from Adafruit IO
[2025-04-23T09:32:50.801Z] [ERROR] Error fetching data from Adafruit:
[2025-04-23T09:32:50.802Z] [ERROR] Error in scheduled Adafruit sync:
[2025-04-23T09:32:55.596Z] [INFO] Fetching data from Adafruit IO
[2025-04-23T09:32:56.647Z] [ERROR] Error fetching data from Adafruit:
[2025-04-23T09:32:56.648Z] [ERROR] Error in scheduled Adafruit sync:
[2025-04-23T09:33:00.649Z] [INFO] Fetching data from Adafruit IO
[2025-04-23T09:33:00.916Z] [ERROR] Error fetching data from Adafruit:
[2025-04-23T09:33:00.917Z] [ERROR] Error in scheduled Adafruit sync:
[2025-04-23T09:33:05.714Z] [INFO] Fetching data from Adafruit IO
[2025-04-23T09:33:06.785Z] [ERROR] Error fetching data from Adafruit:
[2025-04-23T09:33:06.785Z] [ERROR] Error in scheduled Adafruit sync:
[2025-04-23T09:33:10.767Z] [INFO] Fetching data from Adafruit IO
[2025-04-23T09:33:11.031Z] [ERROR] Error fetching data from Adafruit:
[2025-04-23T09:33:11.032Z] [ERROR] Error in scheduled Adafruit sync:
[2025-04-23T09:33:15.821Z] [INFO] Fetching data from Adafruit IO
[2025-04-23T09:33:16.607Z] [ERROR] Error fetching data from Adafruit:
[2025-04-23T09:33:16.608Z] [ERROR] Error in scheduled Adafruit sync:
[2025-04-23T09:33:20.863Z] [INFO] Fetching data from Adafruit IO
[2025-04-23T09:33:21.645Z] [ERROR] Error fetching data from Adafruit:
[2025-04-23T09:33:21.646Z] [ERROR] Error in scheduled Adafruit sync:
[2025-04-23T09:33:25.908Z] [INFO] Fetching data from Adafruit IO
[2025-04-23T09:33:26.714Z] [ERROR] Error fetching data from Adafruit:
[2025-04-23T09:33:26.714Z] [ERROR] Error in scheduled Adafruit sync:
[2025-04-23T09:33:30.952Z] [INFO] Fetching data from Adafruit IO
[2025-04-23T09:33:31.991Z] [ERROR] Error fetching data from Adafruit:
[2025-04-23T09:33:31.991Z] [ERROR] Error in scheduled Adafruit sync:
[2025-04-23T09:33:35.005Z] [INFO] Fetching data from Adafruit IO
[2025-04-23T09:33:35.266Z] [ERROR] Error fetching data from Adafruit:
[2025-04-23T09:33:35.266Z] [ERROR] Error in scheduled Adafruit sync:
[2025-04-23T09:33:40.062Z] [INFO] Fetching data from Adafruit IO
[2025-04-23T09:33:41.125Z] [ERROR] Error fetching data from Adafruit:
[2025-04-23T09:33:41.125Z] [ERROR] Error in scheduled Adafruit sync:
[2025-04-23T09:33:45.107Z] [INFO] Fetching data from Adafruit IO
[2025-04-23T09:33:45.378Z] [ERROR] Error fetching data from Adafruit:
[2025-04-23T09:33:45.379Z] [ERROR] Error in scheduled Adafruit sync:
[2025-04-23T09:33:50.164Z] [INFO] Fetching data from Adafruit IO
[2025-04-23T09:33:51.224Z] [ERROR] Error fetching data from Adafruit:
[2025-04-23T09:33:51.224Z] [ERROR] Error in scheduled Adafruit sync:
[2025-04-23T09:33:55.212Z] [INFO] Fetching data from Adafruit IO
[2025-04-23T09:33:55.495Z] [ERROR] Error fetching data from Adafruit:
[2025-04-23T09:33:55.496Z] [ERROR] Error in scheduled Adafruit sync:
[2025-04-23T09:34:00.274Z] [INFO] Fetching data from Adafruit IO
[2025-04-23T09:34:01.073Z] [ERROR] Error fetching data from Adafruit:
[2025-04-23T09:34:01.073Z] [ERROR] Error in scheduled Adafruit sync:
[2025-04-23T09:34:05.334Z] [INFO] Fetching data from Adafruit IO
[2025-04-23T09:34:06.394Z] [ERROR] Error fetching data from Adafruit:
[2025-04-23T09:34:06.394Z] [ERROR] Error in scheduled Adafruit sync:
[2025-04-23T09:34:10.398Z] [INFO] Fetching data from Adafruit IO
[2025-04-23T09:34:10.667Z] [ERROR] Error fetching data from Adafruit:
[2025-04-23T09:34:10.667Z] [ERROR] Error in scheduled Adafruit sync:
[2025-04-23T09:34:15.459Z] [INFO] Fetching data from Adafruit IO
[2025-04-23T09:34:16.506Z] [ERROR] Error fetching data from Adafruit:
[2025-04-23T09:34:16.506Z] [ERROR] Error in scheduled Adafruit sync:
[2025-04-23T09:34:20.511Z] [INFO] Fetching data from Adafruit IO
[2025-04-23T09:34:21.568Z] [ERROR] Error fetching data from Adafruit:
[2025-04-23T09:34:21.569Z] [ERROR] Error in scheduled Adafruit sync:
[2025-04-23T09:34:25.560Z] [INFO] Fetching data from Adafruit IO
[2025-04-23T09:34:25.828Z] [ERROR] Error fetching data from Adafruit:
[2025-04-23T09:34:25.828Z] [ERROR] Error in scheduled Adafruit sync:
[2025-04-23T09:34:30.598Z] [INFO] Fetching data from Adafruit IO
[2025-04-23T09:34:31.668Z] [ERROR] Error fetching data from Adafruit:
[2025-04-23T09:34:31.668Z] [ERROR] Error in scheduled Adafruit sync:
[2025-04-23T09:34:35.640Z] [INFO] Fetching data from Adafruit IO
[2025-04-23T09:34:35.912Z] [ERROR] Error fetching data from Adafruit:
[2025-04-23T09:34:35.913Z] [ERROR] Error in scheduled Adafruit sync:
[2025-04-23T09:34:40.698Z] [INFO] Fetching data from Adafruit IO
[2025-04-23T09:34:41.780Z] [ERROR] Error fetching data from Adafruit:
[2025-04-23T09:34:41.780Z] [ERROR] Error in scheduled Adafruit sync:
[2025-04-23T09:34:45.738Z] [INFO] Fetching data from Adafruit IO
[2025-04-23T09:34:46.018Z] [ERROR] Error fetching data from Adafruit:
[2025-04-23T09:34:46.019Z] [ERROR] Error in scheduled Adafruit sync:
[2025-04-23T09:34:50.798Z] [INFO] Fetching data from Adafruit IO
[2025-04-23T09:34:51.588Z] [ERROR] Error in scheduled Adafruit sync:
[2025-04-23T09:34:51.587Z] [ERROR] Error fetching data from Adafruit:
[2025-04-23T09:34:55.861Z] [INFO] Fetching data from Adafruit IO
[2025-04-23T09:34:56.649Z] [ERROR] Error fetching data from Adafruit:
[2025-04-23T09:34:56.650Z] [ERROR] Error in scheduled Adafruit sync:
[2025-04-23T09:35:00.920Z] [INFO] Fetching data from Adafruit IO
[2025-04-23T09:35:01.724Z] [ERROR] Error fetching data from Adafruit:
[2025-04-23T09:35:01.724Z] [ERROR] Error in scheduled Adafruit sync:
[2025-04-23T09:35:05.980Z] [INFO] Fetching data from Adafruit IO
[2025-04-23T09:35:07.029Z] [ERROR] Error fetching data from Adafruit:
[2025-04-23T09:35:07.029Z] [ERROR] Error in scheduled Adafruit sync:
[2025-04-23T09:35:10.031Z] [INFO] Fetching data from Adafruit IO
[2025-04-23T09:35:10.294Z] [ERROR] Error fetching data from Adafruit:
[2025-04-23T09:35:10.294Z] [ERROR] Error in scheduled Adafruit sync:
[2025-04-23T09:35:15.084Z] [INFO] Fetching data from Adafruit IO
[2025-04-23T09:35:16.162Z] [ERROR] Error fetching data from Adafruit:
[2025-04-23T09:35:16.162Z] [ERROR] Error in scheduled Adafruit sync:
[2025-04-23T09:35:20.144Z] [INFO] Fetching data from Adafruit IO
[2025-04-23T09:35:20.421Z] [ERROR] Error fetching data from Adafruit:
[2025-04-23T09:35:20.422Z] [ERROR] Error in scheduled Adafruit sync:
[2025-04-23T09:35:25.214Z] [INFO] Fetching data from Adafruit IO
[2025-04-23T09:35:26.296Z] [ERROR] Error fetching data from Adafruit:
[2025-04-23T09:35:26.296Z] [ERROR] Error in scheduled Adafruit sync:
[2025-04-23T09:35:30.269Z] [INFO] Fetching data from Adafruit IO
[2025-04-23T09:35:30.547Z] [ERROR] Error fetching data from Adafruit:
[2025-04-23T09:35:30.548Z] [ERROR] Error in scheduled Adafruit sync:
[2025-04-23T09:35:35.316Z] [INFO] Fetching data from Adafruit IO
[2025-04-23T09:35:37.138Z] [ERROR] Error fetching data from Adafruit:
[2025-04-23T09:35:37.138Z] [ERROR] Error in scheduled Adafruit sync:
[2025-04-23T09:35:40.380Z] [INFO] Fetching data from Adafruit IO
[2025-04-23T09:35:40.642Z] [ERROR] Error fetching data from Adafruit:
[2025-04-23T09:35:40.642Z] [ERROR] Error in scheduled Adafruit sync:
[2025-04-23T09:35:45.426Z] [INFO] Fetching data from Adafruit IO
[2025-04-23T09:35:46.520Z] [ERROR] Error in scheduled Adafruit sync:
[2025-04-23T09:35:46.520Z] [ERROR] Error fetching data from Adafruit:
[2025-04-23T09:35:50.481Z] [INFO] Fetching data from Adafruit IO
[2025-04-23T09:35:50.760Z] [ERROR] Error fetching data from Adafruit:
[2025-04-23T09:35:50.760Z] [ERROR] Error in scheduled Adafruit sync:
[2025-04-23T09:35:55.536Z] [INFO] Fetching data from Adafruit IO
[2025-04-23T09:35:56.328Z] [ERROR] Error fetching data from Adafruit:
[2025-04-23T09:35:56.329Z] [ERROR] Error in scheduled Adafruit sync:
[2025-04-23T09:36:00.597Z] [INFO] Fetching data from Adafruit IO
[2025-04-23T09:36:01.640Z] [ERROR] Error fetching data from Adafruit:
[2025-04-23T09:36:01.640Z] [ERROR] Error in scheduled Adafruit sync:
[2025-04-23T09:36:05.652Z] [INFO] Fetching data from Adafruit IO
[2025-04-23T09:36:05.913Z] [ERROR] Error fetching data from Adafruit:
[2025-04-23T09:36:05.914Z] [ERROR] Error in scheduled Adafruit sync:
[2025-04-23T09:36:10.696Z] [INFO] Fetching data from Adafruit IO
[2025-04-23T09:36:11.746Z] [ERROR] Error in scheduled Adafruit sync:
[2025-04-23T09:36:11.746Z] [ERROR] Error fetching data from Adafruit:
[2025-04-23T09:36:15.749Z] [INFO] Fetching data from Adafruit IO
[2025-04-23T09:36:16.021Z] [ERROR] Error fetching data from Adafruit:
[2025-04-23T09:36:16.021Z] [ERROR] Error in scheduled Adafruit sync:
[2025-04-23T09:36:20.803Z] [INFO] Fetching data from Adafruit IO
[2025-04-23T09:36:21.578Z] [ERROR] Error fetching data from Adafruit:
[2025-04-23T09:36:21.578Z] [ERROR] Error in scheduled Adafruit sync:
[2025-04-23T09:36:25.864Z] [INFO] Fetching data from Adafruit IO
[2025-04-23T09:36:26.953Z] [ERROR] Error fetching data from Adafruit:
[2025-04-23T09:36:26.954Z] [ERROR] Error in scheduled Adafruit sync:
[2025-04-23T09:36:30.919Z] [INFO] Fetching data from Adafruit IO
[2025-04-23T09:36:31.199Z] [ERROR] Error fetching data from Adafruit:
[2025-04-23T09:36:31.199Z] [ERROR] Error in scheduled Adafruit sync:
[2025-04-23T09:36:35.969Z] [INFO] Fetching data from Adafruit IO
[2025-04-23T09:36:37.032Z] [ERROR] Error fetching data from Adafruit:
[2025-04-23T09:36:37.032Z] [ERROR] Error in scheduled Adafruit sync:
[2025-04-23T09:36:40.018Z] [INFO] Fetching data from Adafruit IO
[2025-04-23T09:36:40.287Z] [ERROR] Error fetching data from Adafruit:
[2025-04-23T09:36:40.288Z] [ERROR] Error in scheduled Adafruit sync:
[2025-04-23T09:36:45.071Z] [INFO] Fetching data from Adafruit IO
[2025-04-23T09:36:46.129Z] [ERROR] Error fetching data from Adafruit:
[2025-04-23T09:36:46.130Z] [ERROR] Error in scheduled Adafruit sync:
[2025-04-23T09:36:50.113Z] [INFO] Fetching data from Adafruit IO
[2025-04-23T09:36:50.383Z] [ERROR] Error fetching data from Adafruit:
[2025-04-23T09:36:50.383Z] [ERROR] Error in scheduled Adafruit sync:
[2025-04-23T09:36:55.167Z] [INFO] Fetching data from Adafruit IO
[2025-04-23T09:36:55.956Z] [ERROR] Error fetching data from Adafruit:
[2025-04-23T09:36:55.956Z] [ERROR] Error in scheduled Adafruit sync:
[2025-04-23T09:37:00.221Z] [INFO] Fetching data from Adafruit IO
[2025-04-23T09:37:01.274Z] [ERROR] Error fetching data from Adafruit:
[2025-04-23T09:37:01.275Z] [ERROR] Error in scheduled Adafruit sync:
[2025-04-23T09:37:05.272Z] [INFO] Fetching data from Adafruit IO
[2025-04-23T09:37:05.537Z] [ERROR] Error fetching data from Adafruit:
[2025-04-23T09:37:05.537Z] [ERROR] Error in scheduled Adafruit sync:
[2025-04-23T09:37:10.331Z] [INFO] Fetching data from Adafruit IO
[2025-04-23T09:37:11.402Z] [ERROR] Error fetching data from Adafruit:
[2025-04-23T09:37:11.403Z] [ERROR] Error in scheduled Adafruit sync:
[2025-04-23T09:37:15.392Z] [INFO] Fetching data from Adafruit IO
[2025-04-23T09:37:15.672Z] [ERROR] Error fetching data from Adafruit:
[2025-04-23T09:37:15.672Z] [ERROR] Error in scheduled Adafruit sync:
[2025-04-23T09:37:20.427Z] [INFO] Fetching data from Adafruit IO
[2025-04-23T09:37:21.501Z] [ERROR] Error fetching data from Adafruit:
[2025-04-23T09:37:21.502Z] [ERROR] Error in scheduled Adafruit sync:
[2025-04-23T09:37:25.489Z] [INFO] Fetching data from Adafruit IO
[2025-04-23T09:37:25.761Z] [ERROR] Error fetching data from Adafruit:
[2025-04-23T09:37:25.762Z] [ERROR] Error in scheduled Adafruit sync:
[2025-04-23T09:37:30.543Z] [INFO] Fetching data from Adafruit IO
[2025-04-23T09:37:31.617Z] [ERROR] Error in scheduled Adafruit sync:
[2025-04-23T09:37:31.615Z] [ERROR] Error fetching data from Adafruit:
[2025-04-23T09:37:35.582Z] [INFO] Fetching data from Adafruit IO
[2025-04-23T09:37:35.849Z] [ERROR] Error fetching data from Adafruit:
[2025-04-23T09:37:35.850Z] [ERROR] Error in scheduled Adafruit sync:
[2025-04-23T09:37:40.617Z] [INFO] Fetching data from Adafruit IO
[2025-04-23T09:37:41.408Z] [ERROR] Error fetching data from Adafruit:
[2025-04-23T09:37:41.408Z] [ERROR] Error in scheduled Adafruit sync:
[2025-04-23T09:37:45.653Z] [INFO] Fetching data from Adafruit IO
[2025-04-23T09:37:46.705Z] [ERROR] Error in scheduled Adafruit sync:
[2025-04-23T09:37:46.705Z] [ERROR] Error fetching data from Adafruit:
[2025-04-23T09:37:50.704Z] [INFO] Fetching data from Adafruit IO
[2025-04-23T09:37:50.971Z] [ERROR] Error fetching data from Adafruit:
[2025-04-23T09:37:50.972Z] [ERROR] Error in scheduled Adafruit sync:
[2025-04-23T09:37:55.741Z] [INFO] Fetching data from Adafruit IO
[2025-04-23T09:37:56.808Z] [ERROR] Error fetching data from Adafruit:
[2025-04-23T09:37:56.809Z] [ERROR] Error in scheduled Adafruit sync:
[2025-04-23T09:38:00.797Z] [INFO] Fetching data from Adafruit IO
[2025-04-23T09:38:01.067Z] [ERROR] Error fetching data from Adafruit:
[2025-04-23T09:38:01.067Z] [ERROR] Error in scheduled Adafruit sync:
[2025-04-23T09:38:05.847Z] [INFO] Fetching data from Adafruit IO
[2025-04-23T09:38:06.936Z] [ERROR] Error fetching data from Adafruit:
[2025-04-23T09:38:06.937Z] [ERROR] Error in scheduled Adafruit sync:
[2025-04-23T09:38:10.893Z] [INFO] Fetching data from Adafruit IO
[2025-04-23T09:38:11.174Z] [ERROR] Error fetching data from Adafruit:
[2025-04-23T09:38:11.175Z] [ERROR] Error in scheduled Adafruit sync:
[2025-04-23T09:38:15.950Z] [INFO] Fetching data from Adafruit IO
[2025-04-23T09:38:17.004Z] [ERROR] Error fetching data from Adafruit:
[2025-04-23T09:38:17.005Z] [ERROR] Error in scheduled Adafruit sync:
[2025-04-23T09:38:20.998Z] [INFO] Fetching data from Adafruit IO
[2025-04-23T09:38:21.266Z] [ERROR] Error fetching data from Adafruit:
[2025-04-23T09:38:21.267Z] [ERROR] Error in scheduled Adafruit sync:
[2025-04-23T09:38:25.044Z] [INFO] Fetching data from Adafruit IO
[2025-04-23T09:38:25.311Z] [ERROR] Error fetching data from Adafruit:
[2025-04-23T09:38:25.311Z] [ERROR] Error in scheduled Adafruit sync:
[2025-04-23T09:38:30.092Z] [INFO] Fetching data from Adafruit IO
[2025-04-23T09:38:30.863Z] [ERROR] Error fetching data from Adafruit:
[2025-04-23T09:38:30.864Z] [ERROR] Error in scheduled Adafruit sync:
[2025-04-23T09:38:35.144Z] [INFO] Fetching data from Adafruit IO
[2025-04-23T09:38:36.186Z] [ERROR] Error fetching data from Adafruit:
[2025-04-23T09:38:36.187Z] [ERROR] Error in scheduled Adafruit sync:
[2025-04-23T09:38:40.183Z] [INFO] Fetching data from Adafruit IO
[2025-04-23T09:38:40.448Z] [ERROR] Error fetching data from Adafruit:
[2025-04-23T09:38:40.449Z] [ERROR] Error in scheduled Adafruit sync:
[2025-04-23T09:38:45.229Z] [INFO] Fetching data from Adafruit IO
[2025-04-23T09:38:46.018Z] [ERROR] Error fetching data from Adafruit:
[2025-04-23T09:38:46.019Z] [ERROR] Error in scheduled Adafruit sync:
[2025-04-23T09:38:50.276Z] [INFO] Fetching data from Adafruit IO
[2025-04-23T09:38:51.335Z] [ERROR] Error fetching data from Adafruit:
[2025-04-23T09:38:51.335Z] [ERROR] Error in scheduled Adafruit sync:
[2025-04-23T09:38:55.332Z] [INFO] Fetching data from Adafruit IO
[2025-04-23T09:38:55.600Z] [ERROR] Error fetching data from Adafruit:
[2025-04-23T09:38:55.601Z] [ERROR] Error in scheduled Adafruit sync:
[2025-04-23T09:39:00.355Z] [INFO] Fetching data from Adafruit IO
[2025-04-23T09:39:01.397Z] [ERROR] Error fetching data from Adafruit:
[2025-04-23T09:39:01.397Z] [ERROR] Error in scheduled Adafruit sync:
[2025-04-23T09:39:05.411Z] [INFO] Fetching data from Adafruit IO
[2025-04-23T09:39:05.672Z] [ERROR] Error fetching data from Adafruit:
[2025-04-23T09:39:05.672Z] [ERROR] Error in scheduled Adafruit sync:
[2025-04-23T09:39:10.455Z] [INFO] Fetching data from Adafruit IO
[2025-04-23T09:39:11.498Z] [ERROR] Error fetching data from Adafruit:
[2025-04-23T09:39:11.498Z] [ERROR] Error in scheduled Adafruit sync:
[2025-04-23T09:39:15.494Z] [INFO] Fetching data from Adafruit IO
[2025-04-23T09:39:15.762Z] [ERROR] Error fetching data from Adafruit:
[2025-04-23T09:39:15.763Z] [ERROR] Error in scheduled Adafruit sync:
[2025-04-23T09:39:20.533Z] [INFO] Fetching data from Adafruit IO
[2025-04-23T09:39:21.322Z] [ERROR] Error fetching data from Adafruit:
[2025-04-23T09:39:21.322Z] [ERROR] Error in scheduled Adafruit sync:
[2025-04-23T09:39:25.589Z] [INFO] Fetching data from Adafruit IO
[2025-04-23T09:39:26.350Z] [ERROR] Error fetching data from Adafruit:
[2025-04-23T09:39:26.350Z] [ERROR] Error in scheduled Adafruit sync:
[2025-04-23T09:39:30.625Z] [INFO] Fetching data from Adafruit IO
[2025-04-23T09:39:31.397Z] [ERROR] Error fetching data from Adafruit:
[2025-04-23T09:39:31.398Z] [ERROR] Error in scheduled Adafruit sync:
[2025-04-23T09:39:35.672Z] [INFO] Fetching data from Adafruit IO
[2025-04-23T09:39:36.723Z] [ERROR] Error fetching data from Adafruit:
[2025-04-23T09:39:36.724Z] [ERROR] Error in scheduled Adafruit sync:
[2025-04-23T09:39:40.708Z] [INFO] Fetching data from Adafruit IO
[2025-04-23T09:39:40.971Z] [ERROR] Error fetching data from Adafruit:
[2025-04-23T09:39:40.971Z] [ERROR] Error in scheduled Adafruit sync:
[2025-04-23T09:39:45.750Z] [INFO] Fetching data from Adafruit IO
[2025-04-23T09:39:46.529Z] [ERROR] Error fetching data from Adafruit:
[2025-04-23T09:39:46.529Z] [ERROR] Error in scheduled Adafruit sync:
[2025-04-23T09:39:50.782Z] [INFO] Fetching data from Adafruit IO
[2025-04-23T09:39:51.833Z] [ERROR] Error fetching data from Adafruit:
[2025-04-23T09:39:51.833Z] [ERROR] Error in scheduled Adafruit sync:
[2025-04-23T09:39:55.812Z] [INFO] Fetching data from Adafruit IO
[2025-04-23T09:39:56.075Z] [ERROR] Error fetching data from Adafruit:
[2025-04-23T09:39:56.076Z] [ERROR] Error in scheduled Adafruit sync:
[2025-04-23T09:40:00.848Z] [INFO] Fetching data from Adafruit IO
[2025-04-23T09:40:01.899Z] [ERROR] Error fetching data from Adafruit:
[2025-04-23T09:40:01.900Z] [ERROR] Error in scheduled Adafruit sync:
[2025-04-23T09:40:05.889Z] [INFO] Fetching data from Adafruit IO
[2025-04-23T09:40:06.158Z] [ERROR] Error fetching data from Adafruit:
[2025-04-23T09:40:06.159Z] [ERROR] Error in scheduled Adafruit sync:
[2025-04-23T09:40:10.935Z] [INFO] Fetching data from Adafruit IO
[2025-04-23T09:40:12.027Z] [ERROR] Error fetching data from Adafruit:
[2025-04-23T09:40:12.027Z] [ERROR] Error in scheduled Adafruit sync:
[2025-04-23T09:40:15.965Z] [INFO] Fetching data from Adafruit IO
[2025-04-23T09:40:16.242Z] [ERROR] Error fetching data from Adafruit:
[2025-04-23T09:40:16.243Z] [ERROR] Error in scheduled Adafruit sync:
[2025-04-23T09:40:20.014Z] [INFO] Fetching data from Adafruit IO
[2025-04-23T09:40:20.293Z] [ERROR] Error fetching data from Adafruit:
[2025-04-23T09:40:20.293Z] [ERROR] Error in scheduled Adafruit sync:
[2025-04-23T09:40:25.047Z] [INFO] Fetching data from Adafruit IO
[2025-04-23T09:40:25.830Z] [ERROR] Error fetching data from Adafruit:
[2025-04-23T09:40:25.831Z] [ERROR] Error in scheduled Adafruit sync:
[2025-04-23T09:40:30.092Z] [INFO] Fetching data from Adafruit IO
[2025-04-23T09:40:30.874Z] [ERROR] Error fetching data from Adafruit:
[2025-04-23T09:40:30.875Z] [ERROR] Error in scheduled Adafruit sync:
[2025-04-23T09:40:35.154Z] [INFO] Fetching data from Adafruit IO
[2025-04-23T09:40:35.944Z] [ERROR] Error fetching data from Adafruit:
[2025-04-23T09:40:35.945Z] [ERROR] Error in scheduled Adafruit sync:
[2025-04-23T09:40:40.216Z] [INFO] Fetching data from Adafruit IO
[2025-04-23T09:40:41.333Z] [ERROR] Error fetching data from Adafruit:
[2025-04-23T09:40:41.334Z] [ERROR] Error in scheduled Adafruit sync:
[2025-04-23T09:40:45.261Z] [INFO] Fetching data from Adafruit IO
[2025-04-23T09:40:45.534Z] [ERROR] Error fetching data from Adafruit:
[2025-04-23T09:40:45.534Z] [ERROR] Error in scheduled Adafruit sync:
[2025-04-23T09:40:50.304Z] [INFO] Fetching data from Adafruit IO
[2025-04-23T09:40:51.082Z] [ERROR] Error fetching data from Adafruit:
[2025-04-23T09:40:51.083Z] [ERROR] Error in scheduled Adafruit sync:
[2025-04-23T09:40:55.326Z] [INFO] Fetching data from Adafruit IO
[2025-04-23T09:40:56.395Z] [ERROR] Error fetching data from Adafruit:
[2025-04-23T09:40:56.396Z] [ERROR] Error in scheduled Adafruit sync:
[2025-04-23T09:41:00.365Z] [INFO] Fetching data from Adafruit IO
[2025-04-23T09:41:00.640Z] [ERROR] Error fetching data from Adafruit:
[2025-04-23T09:41:00.641Z] [ERROR] Error in scheduled Adafruit sync:
[2025-04-23T09:41:05.418Z] [INFO] Fetching data from Adafruit IO
[2025-04-23T09:41:06.498Z] [ERROR] Error fetching data from Adafruit:
[2025-04-23T09:41:06.498Z] [ERROR] Error in scheduled Adafruit sync:
[2025-04-23T09:41:10.446Z] [INFO] Fetching data from Adafruit IO
[2025-04-23T09:41:10.727Z] [ERROR] Error fetching data from Adafruit:
[2025-04-23T09:41:10.728Z] [ERROR] Error in scheduled Adafruit sync:
[2025-04-23T09:41:15.494Z] [INFO] Fetching data from Adafruit IO
[2025-04-23T09:41:16.527Z] [ERROR] Error fetching data from Adafruit:
[2025-04-23T09:41:16.527Z] [ERROR] Error in scheduled Adafruit sync:
[2025-04-23T09:41:20.518Z] [INFO] Fetching data from Adafruit IO
[2025-04-23T09:41:20.778Z] [ERROR] Error fetching data from Adafruit:
[2025-04-23T09:41:20.779Z] [ERROR] Error in scheduled Adafruit sync:
[2025-04-23T09:41:25.575Z] [INFO] Fetching data from Adafruit IO
[2025-04-23T09:41:26.622Z] [ERROR] Error fetching data from Adafruit:
[2025-04-23T09:41:26.623Z] [ERROR] Error in scheduled Adafruit sync:
[2025-04-23T09:41:30.596Z] [INFO] Fetching data from Adafruit IO
[2025-04-23T09:41:30.858Z] [ERROR] Error fetching data from Adafruit:
[2025-04-23T09:41:30.859Z] [ERROR] Error in scheduled Adafruit sync:
[2025-04-23T09:41:35.619Z] [INFO] Fetching data from Adafruit IO
[2025-04-23T09:41:36.686Z] [ERROR] Error fetching data from Adafruit:
[2025-04-23T09:41:36.687Z] [ERROR] Error in scheduled Adafruit sync:
[2025-04-23T09:41:40.656Z] [INFO] Fetching data from Adafruit IO
[2025-04-23T09:41:40.926Z] [ERROR] Error fetching data from Adafruit:
[2025-04-23T09:41:40.926Z] [ERROR] Error in scheduled Adafruit sync:
[2025-04-23T09:41:45.709Z] [INFO] Fetching data from Adafruit IO
[2025-04-23T09:41:46.805Z] [ERROR] Error fetching data from Adafruit:
[2025-04-23T09:41:46.805Z] [ERROR] Error in scheduled Adafruit sync:
[2025-04-23T09:41:50.771Z] [INFO] Fetching data from Adafruit IO
[2025-04-23T09:41:51.051Z] [ERROR] Error fetching data from Adafruit:
[2025-04-23T09:41:51.052Z] [ERROR] Error in scheduled Adafruit sync:
[2025-04-23T09:41:55.809Z] [INFO] Fetching data from Adafruit IO
[2025-04-23T09:41:56.590Z] [ERROR] Error fetching data from Adafruit:
[2025-04-23T09:41:56.590Z] [ERROR] Error in scheduled Adafruit sync:
[2025-04-23T09:42:00.862Z] [INFO] Fetching data from Adafruit IO
[2025-04-23T09:42:01.901Z] [ERROR] Error fetching data from Adafruit:
[2025-04-23T09:42:01.902Z] [ERROR] Error in scheduled Adafruit sync:
[2025-04-23T09:42:05.903Z] [INFO] Fetching data from Adafruit IO
[2025-04-23T09:42:06.164Z] [ERROR] Error fetching data from Adafruit:
[2025-04-23T09:42:06.164Z] [ERROR] Error in scheduled Adafruit sync:
[2025-04-23T09:42:10.963Z] [INFO] Fetching data from Adafruit IO
[2025-04-23T09:42:11.753Z] [ERROR] Error fetching data from Adafruit:
[2025-04-23T09:42:11.754Z] [ERROR] Error in scheduled Adafruit sync:
[2025-04-23T09:42:15.003Z] [INFO] Fetching data from Adafruit IO
[2025-04-23T09:42:15.272Z] [ERROR] Error fetching data from Adafruit:
[2025-04-23T09:42:15.273Z] [ERROR] Error in scheduled Adafruit sync:
[2025-04-23T09:42:20.050Z] [INFO] Fetching data from Adafruit IO
[2025-04-23T09:42:20.844Z] [ERROR] Error fetching data from Adafruit:
[2025-04-23T09:42:20.844Z] [ERROR] Error in scheduled Adafruit sync:
[2025-04-23T09:42:25.091Z] [INFO] Fetching data from Adafruit IO
[2025-04-23T09:42:26.168Z] [ERROR] Error fetching data from Adafruit:
[2025-04-23T09:42:26.168Z] [ERROR] Error in scheduled Adafruit sync:
[2025-04-23T09:42:30.143Z] [INFO] Fetching data from Adafruit IO
[2025-04-23T09:42:30.419Z] [ERROR] Error fetching data from Adafruit:
[2025-04-23T09:42:30.419Z] [ERROR] Error in scheduled Adafruit sync:
[2025-04-23T09:42:35.187Z] [INFO] Fetching data from Adafruit IO
[2025-04-23T09:42:35.954Z] [ERROR] Error fetching data from Adafruit:
[2025-04-23T09:42:35.954Z] [ERROR] Error in scheduled Adafruit sync:
[2025-04-23T09:42:40.229Z] [INFO] Fetching data from Adafruit IO
[2025-04-23T09:42:41.021Z] [ERROR] Error fetching data from Adafruit:
[2025-04-23T09:42:41.021Z] [ERROR] Error in scheduled Adafruit sync:
[2025-04-23T09:42:45.270Z] [INFO] Fetching data from Adafruit IO
[2025-04-23T09:42:46.058Z] [ERROR] Error in scheduled Adafruit sync:
[2025-04-23T09:42:46.058Z] [ERROR] Error fetching data from Adafruit:
[2025-04-23T09:42:50.294Z] [INFO] Fetching data from Adafruit IO
[2025-04-23T09:42:51.343Z] [ERROR] Error fetching data from Adafruit:
[2025-04-23T09:42:51.344Z] [ERROR] Error in scheduled Adafruit sync:
[2025-04-23T09:42:55.359Z] [INFO] Fetching data from Adafruit IO
[2025-04-23T09:42:56.146Z] [ERROR] Error fetching data from Adafruit:
[2025-04-23T09:42:56.146Z] [ERROR] Error in scheduled Adafruit sync:
[2025-04-23T09:43:00.388Z] [INFO] Fetching data from Adafruit IO
[2025-04-23T09:43:01.179Z] [ERROR] Error fetching data from Adafruit:
[2025-04-23T09:43:01.179Z] [ERROR] Error in scheduled Adafruit sync:
[2025-04-23T09:43:05.410Z] [INFO] Fetching data from Adafruit IO
[2025-04-23T09:43:06.474Z] [ERROR] Error fetching data from Adafruit:
[2025-04-23T09:43:06.475Z] [ERROR] Error in scheduled Adafruit sync:
[2025-04-23T09:43:10.445Z] [INFO] Fetching data from Adafruit IO
[2025-04-23T09:43:10.710Z] [ERROR] Error fetching data from Adafruit:
[2025-04-23T09:43:10.710Z] [ERROR] Error in scheduled Adafruit sync:
[2025-04-23T09:43:15.494Z] [INFO] Fetching data from Adafruit IO
[2025-04-23T09:43:16.273Z] [ERROR] Error fetching data from Adafruit:
[2025-04-23T09:43:16.274Z] [ERROR] Error in scheduled Adafruit sync:
[2025-04-23T09:43:20.535Z] [INFO] Fetching data from Adafruit IO
[2025-04-23T09:43:21.325Z] [ERROR] Error fetching data from Adafruit:
[2025-04-23T09:43:21.325Z] [ERROR] Error in scheduled Adafruit sync:
[2025-04-23T09:43:25.557Z] [INFO] Fetching data from Adafruit IO
[2025-04-23T09:43:26.601Z] [ERROR] Error fetching data from Adafruit:
[2025-04-23T09:43:26.602Z] [ERROR] Error in scheduled Adafruit sync:
[2025-04-23T09:43:30.609Z] [INFO] Fetching data from Adafruit IO
[2025-04-23T09:43:30.873Z] [ERROR] Error fetching data from Adafruit:
[2025-04-23T09:43:30.874Z] [ERROR] Error in scheduled Adafruit sync:
[2025-04-23T09:43:35.641Z] [INFO] Fetching data from Adafruit IO
[2025-04-23T09:43:36.686Z] [ERROR] Error fetching data from Adafruit:
[2025-04-23T09:43:36.687Z] [ERROR] Error in scheduled Adafruit sync:
[2025-04-23T09:43:40.677Z] [INFO] Fetching data from Adafruit IO
[2025-04-23T09:43:40.940Z] [ERROR] Error fetching data from Adafruit:
[2025-04-23T09:43:40.941Z] [ERROR] Error in scheduled Adafruit sync:
[2025-04-23T09:43:45.727Z] [INFO] Fetching data from Adafruit IO
[2025-04-23T09:43:46.507Z] [ERROR] Error fetching data from Adafruit:
[2025-04-23T09:43:46.508Z] [ERROR] Error in scheduled Adafruit sync:
[2025-04-23T09:43:50.763Z] [INFO] Fetching data from Adafruit IO
[2025-04-23T09:43:51.552Z] [ERROR] Error fetching data from Adafruit:
[2025-04-23T09:43:51.553Z] [ERROR] Error in scheduled Adafruit sync:
[2025-04-23T09:43:55.813Z] [INFO] Fetching data from Adafruit IO
[2025-04-23T09:43:56.867Z] [ERROR] Error fetching data from Adafruit:
[2025-04-23T09:43:56.868Z] [ERROR] Error in scheduled Adafruit sync:
[2025-04-23T09:44:00.846Z] [INFO] Fetching data from Adafruit IO
[2025-04-23T09:44:01.114Z] [ERROR] Error fetching data from Adafruit:
[2025-04-23T09:44:01.115Z] [ERROR] Error in scheduled Adafruit sync:
[2025-04-23T09:44:05.884Z] [INFO] Fetching data from Adafruit IO
[2025-04-23T09:44:06.930Z] [ERROR] Error fetching data from Adafruit:
[2025-04-23T09:44:06.931Z] [ERROR] Error in scheduled Adafruit sync:
[2025-04-23T09:44:10.934Z] [INFO] Fetching data from Adafruit IO
[2025-04-23T09:44:11.196Z] [ERROR] Error fetching data from Adafruit:
[2025-04-23T09:44:11.196Z] [ERROR] Error in scheduled Adafruit sync:
[2025-04-23T09:44:15.996Z] [INFO] Fetching data from Adafruit IO
[2025-04-23T09:44:16.777Z] [ERROR] Error fetching data from Adafruit:
[2025-04-23T09:44:16.778Z] [ERROR] Error in scheduled Adafruit sync:
[2025-04-23T09:44:20.037Z] [INFO] Fetching data from Adafruit IO
[2025-04-23T09:44:20.301Z] [ERROR] Error fetching data from Adafruit:
[2025-04-23T09:44:20.303Z] [ERROR] Error in scheduled Adafruit sync:
[2025-04-23T09:44:25.075Z] [INFO] Fetching data from Adafruit IO
[2025-04-23T09:44:25.857Z] [ERROR] Error fetching data from Adafruit:
[2025-04-23T09:44:25.858Z] [ERROR] Error in scheduled Adafruit sync:
[2025-04-23T09:44:30.117Z] [INFO] Fetching data from Adafruit IO
[2025-04-23T09:44:31.170Z] [ERROR] Error fetching data from Adafruit:
[2025-04-23T09:44:31.170Z] [ERROR] Error in scheduled Adafruit sync:
[2025-04-23T09:44:35.184Z] [INFO] Fetching data from Adafruit IO
[2025-04-23T09:44:35.452Z] [ERROR] Error fetching data from Adafruit:
[2025-04-23T09:44:35.453Z] [ERROR] Error in scheduled Adafruit sync:
[2025-04-23T09:44:40.216Z] [INFO] Fetching data from Adafruit IO
[2025-04-23T09:44:41.276Z] [ERROR] Error fetching data from Adafruit:
[2025-04-23T09:44:41.276Z] [ERROR] Error in scheduled Adafruit sync:
[2025-04-23T09:44:45.250Z] [INFO] Fetching data from Adafruit IO
[2025-04-23T09:44:45.519Z] [ERROR] Error fetching data from Adafruit:
[2025-04-23T09:44:45.519Z] [ERROR] Error in scheduled Adafruit sync:
[2025-04-23T09:44:50.287Z] [INFO] Fetching data from Adafruit IO
[2025-04-23T09:44:51.342Z] [ERROR] Error fetching data from Adafruit:
[2025-04-23T09:44:51.343Z] [ERROR] Error in scheduled Adafruit sync:
[2025-04-23T09:44:55.339Z] [INFO] Fetching data from Adafruit IO
[2025-04-23T09:44:55.608Z] [ERROR] Error in scheduled Adafruit sync:
[2025-04-23T09:44:55.607Z] [ERROR] Error fetching data from Adafruit:
[2025-04-23T09:45:00.380Z] [INFO] Fetching data from Adafruit IO
[2025-04-23T09:45:01.429Z] [ERROR] Error fetching data from Adafruit:
[2025-04-23T09:45:01.430Z] [ERROR] Error in scheduled Adafruit sync:
[2025-04-23T09:45:05.417Z] [INFO] Fetching data from Adafruit IO
[2025-04-23T09:45:05.680Z] [ERROR] Error fetching data from Adafruit:
[2025-04-23T09:45:05.681Z] [ERROR] Error in scheduled Adafruit sync:
[2025-04-23T09:45:10.457Z] [INFO] Fetching data from Adafruit IO
[2025-04-23T09:45:11.510Z] [ERROR] Error fetching data from Adafruit:
[2025-04-23T09:45:11.510Z] [ERROR] Error in scheduled Adafruit sync:
[2025-04-23T09:45:15.503Z] [INFO] Fetching data from Adafruit IO
[2025-04-23T09:45:15.768Z] [ERROR] Error fetching data from Adafruit:
[2025-04-23T09:45:15.769Z] [ERROR] Error in scheduled Adafruit sync:
[2025-04-23T09:45:20.562Z] [INFO] Fetching data from Adafruit IO
[2025-04-23T09:45:21.636Z] [ERROR] Error fetching data from Adafruit:
[2025-04-23T09:45:21.636Z] [ERROR] Error in scheduled Adafruit sync:
[2025-04-23T09:45:25.596Z] [INFO] Fetching data from Adafruit IO
[2025-04-23T09:45:25.868Z] [ERROR] Error fetching data from Adafruit:
[2025-04-23T09:45:25.868Z] [ERROR] Error in scheduled Adafruit sync:
[2025-04-23T09:45:30.624Z] [INFO] Fetching data from Adafruit IO
[2025-04-23T09:45:31.401Z] [ERROR] Error fetching data from Adafruit:
[2025-04-23T09:45:31.402Z] [ERROR] Error in scheduled Adafruit sync:
[2025-04-23T09:45:35.668Z] [INFO] Fetching data from Adafruit IO
[2025-04-23T09:45:36.445Z] [ERROR] Error fetching data from Adafruit:
[2025-04-23T09:45:36.445Z] [ERROR] Error in scheduled Adafruit sync:
[2025-04-23T09:45:40.716Z] [INFO] Fetching data from Adafruit IO
[2025-04-23T09:45:41.840Z] [ERROR] Error fetching data from Adafruit:
[2025-04-23T09:45:41.841Z] [ERROR] Error in scheduled Adafruit sync:
[2025-04-23T09:45:45.758Z] [INFO] Fetching data from Adafruit IO
[2025-04-23T09:45:46.029Z] [ERROR] Error fetching data from Adafruit:
[2025-04-23T09:45:46.030Z] [ERROR] Error in scheduled Adafruit sync:
[2025-04-23T09:45:50.800Z] [INFO] Fetching data from Adafruit IO
[2025-04-23T09:45:51.844Z] [ERROR] Error fetching data from Adafruit:
[2025-04-23T09:45:51.845Z] [ERROR] Error in scheduled Adafruit sync:
[2025-04-23T09:45:55.857Z] [INFO] Fetching data from Adafruit IO
[2025-04-23T09:45:56.131Z] [ERROR] Error fetching data from Adafruit:
[2025-04-23T09:45:56.131Z] [ERROR] Error in scheduled Adafruit sync:
[2025-04-23T09:46:00.886Z] [INFO] Fetching data from Adafruit IO
[2025-04-23T09:46:01.670Z] [ERROR] Error fetching data from Adafruit:
[2025-04-23T09:46:01.671Z] [ERROR] Error in scheduled Adafruit sync:
[2025-04-23T09:46:05.932Z] [INFO] Fetching data from Adafruit IO
[2025-04-23T09:46:06.983Z] [ERROR] Error fetching data from Adafruit:
[2025-04-23T09:46:06.984Z] [ERROR] Error in scheduled Adafruit sync:
[2025-04-23T09:46:10.979Z] [INFO] Fetching data from Adafruit IO
[2025-04-23T09:46:11.244Z] [ERROR] Error fetching data from Adafruit:
[2025-04-23T09:46:11.245Z] [ERROR] Error in scheduled Adafruit sync:
[2025-04-23T09:46:15.015Z] [INFO] Fetching data from Adafruit IO
[2025-04-23T09:46:15.278Z] [ERROR] Error fetching data from Adafruit:
[2025-04-23T09:46:15.278Z] [ERROR] Error in scheduled Adafruit sync:
[2025-04-23T09:46:20.033Z] [INFO] Fetching data from Adafruit IO
[2025-04-23T09:46:21.109Z] [ERROR] Error fetching data from Adafruit:
[2025-04-23T09:46:21.109Z] [ERROR] Error in scheduled Adafruit sync:
[2025-04-23T09:46:25.059Z] [INFO] Fetching data from Adafruit IO
[2025-04-23T09:46:25.331Z] [ERROR] Error fetching data from Adafruit:
[2025-04-23T09:46:25.332Z] [ERROR] Error in scheduled Adafruit sync:
[2025-04-23T09:46:30.110Z] [INFO] Fetching data from Adafruit IO
[2025-04-23T09:46:31.156Z] [ERROR] Error fetching data from Adafruit:
[2025-04-23T09:46:31.156Z] [ERROR] Error in scheduled Adafruit sync:
[2025-04-23T09:46:35.143Z] [INFO] Fetching data from Adafruit IO
[2025-04-23T09:46:35.405Z] [ERROR] Error fetching data from Adafruit:
[2025-04-23T09:46:35.406Z] [ERROR] Error in scheduled Adafruit sync:
[2025-04-23T09:46:40.209Z] [INFO] Fetching data from Adafruit IO
[2025-04-23T09:46:40.990Z] [ERROR] Error fetching data from Adafruit:
[2025-04-23T09:46:40.990Z] [ERROR] Error in scheduled Adafruit sync:
[2025-04-23T09:46:45.252Z] [INFO] Fetching data from Adafruit IO
[2025-04-23T09:46:46.031Z] [ERROR] Error fetching data from Adafruit:
[2025-04-23T09:46:46.031Z] [ERROR] Error in scheduled Adafruit sync:
[2025-04-23T09:46:50.290Z] [INFO] Fetching data from Adafruit IO
[2025-04-23T09:46:51.089Z] [ERROR] Error fetching data from Adafruit:
[2025-04-23T09:46:51.090Z] [ERROR] Error in scheduled Adafruit sync:
[2025-04-23T09:46:55.326Z] [INFO] Fetching data from Adafruit IO
[2025-04-23T09:46:56.391Z] [ERROR] Error fetching data from Adafruit:
[2025-04-23T09:46:56.392Z] [ERROR] Error in scheduled Adafruit sync:
[2025-04-23T09:47:00.373Z] [INFO] Fetching data from Adafruit IO
[2025-04-23T09:47:00.645Z] [ERROR] Error fetching data from Adafruit:
[2025-04-23T09:47:00.646Z] [ERROR] Error in scheduled Adafruit sync:
[2025-04-23T09:47:05.405Z] [INFO] Fetching data from Adafruit IO
[2025-04-23T09:47:06.187Z] [ERROR] Error fetching data from Adafruit:
[2025-04-23T09:47:06.188Z] [ERROR] Error in scheduled Adafruit sync:
[2025-04-23T09:47:10.460Z] [INFO] Fetching data from Adafruit IO
[2025-04-23T09:47:11.239Z] [ERROR] Error fetching data from Adafruit:
[2025-04-23T09:47:11.240Z] [ERROR] Error in scheduled Adafruit sync:
[2025-04-23T09:47:15.502Z] [INFO] Fetching data from Adafruit IO
[2025-04-23T09:47:16.564Z] [ERROR] Error fetching data from Adafruit:
[2025-04-23T09:47:16.565Z] [ERROR] Error in scheduled Adafruit sync:
[2025-04-23T09:47:20.552Z] [INFO] Fetching data from Adafruit IO
[2025-04-23T09:47:20.818Z] [ERROR] Error fetching data from Adafruit:
[2025-04-23T09:47:20.818Z] [ERROR] Error in scheduled Adafruit sync:
[2025-04-23T09:47:25.598Z] [INFO] Fetching data from Adafruit IO
[2025-04-23T09:47:26.649Z] [ERROR] Error fetching data from Adafruit:
[2025-04-23T09:47:26.649Z] [ERROR] Error in scheduled Adafruit sync:
[2025-04-23T09:47:30.655Z] [INFO] Fetching data from Adafruit IO
[2025-04-23T09:47:30.920Z] [ERROR] Error fetching data from Adafruit:
[2025-04-23T09:47:30.920Z] [ERROR] Error in scheduled Adafruit sync:
[2025-04-23T09:47:35.684Z] [INFO] Fetching data from Adafruit IO
[2025-04-23T09:47:36.749Z] [ERROR] Error fetching data from Adafruit:
[2025-04-23T09:47:36.749Z] [ERROR] Error in scheduled Adafruit sync:
[2025-04-23T09:48:34.744Z] [INFO] MQTT Service is disabled (MOCK version)
[2025-04-23T09:48:34.753Z] [INFO] Starting Adafruit sync service
[2025-04-23T09:48:35.764Z] [INFO] Fetching data from Adafruit IO
[2025-04-23T09:48:36.589Z] [ERROR] Error fetching data from Adafruit:
[2025-04-23T09:48:36.590Z] [ERROR] Error in scheduled Adafruit sync:
[2025-04-23T09:48:40.860Z] [INFO] Fetching data from Adafruit IO
[2025-04-23T09:48:41.917Z] [ERROR] Error fetching data from Adafruit:
[2025-04-23T09:48:41.918Z] [ERROR] Error in scheduled Adafruit sync:
[2025-04-23T09:48:45.904Z] [INFO] Fetching data from Adafruit IO
[2025-04-23T09:48:46.173Z] [ERROR] Error fetching data from Adafruit:
[2025-04-23T09:48:46.173Z] [ERROR] Error in scheduled Adafruit sync:
[2025-04-23T09:48:50.955Z] [INFO] Fetching data from Adafruit IO
[2025-04-23T09:48:52.036Z] [ERROR] Error fetching data from Adafruit:
[2025-04-23T09:48:52.037Z] [ERROR] Error in scheduled Adafruit sync:
[2025-04-23T09:49:00.051Z] [INFO] Fetching data from Adafruit IO
[2025-04-23T09:49:02.272Z] [ERROR] Error fetching data from Adafruit:
[2025-04-23T09:49:02.273Z] [ERROR] Error in scheduled Adafruit sync:
[2025-04-23T09:49:05.119Z] [INFO] Fetching data from Adafruit IO
[2025-04-23T09:49:05.398Z] [ERROR] Error fetching data from Adafruit:
[2025-04-23T09:49:05.398Z] [ERROR] Error in scheduled Adafruit sync:
[2025-04-23T09:49:10.166Z] [INFO] Fetching data from Adafruit IO
[2025-04-23T09:49:10.961Z] [ERROR] Error fetching data from Adafruit:
[2025-04-23T09:49:10.961Z] [ERROR] Error in scheduled Adafruit sync:
[2025-04-23T09:49:15.189Z] [INFO] Fetching data from Adafruit IO
[2025-04-23T09:49:16.229Z] [ERROR] Error fetching data from Adafruit:
[2025-04-23T09:49:16.229Z] [ERROR] Error in scheduled Adafruit sync:
[2025-04-23T09:49:20.215Z] [INFO] Fetching data from Adafruit IO
[2025-04-23T09:49:20.482Z] [ERROR] Error fetching data from Adafruit:
[2025-04-23T09:49:20.483Z] [ERROR] Error in scheduled Adafruit sync:
[2025-04-23T09:49:25.265Z] [INFO] Fetching data from Adafruit IO
[2025-04-23T09:49:26.315Z] [ERROR] Error fetching data from Adafruit:
[2025-04-23T09:49:26.315Z] [ERROR] Error in scheduled Adafruit sync:
[2025-04-23T09:49:30.311Z] [INFO] Fetching data from Adafruit IO
[2025-04-23T09:49:30.577Z] [ERROR] Error fetching data from Adafruit:
[2025-04-23T09:49:30.578Z] [ERROR] Error in scheduled Adafruit sync:
[2025-04-23T09:49:35.357Z] [INFO] Fetching data from Adafruit IO
[2025-04-23T09:49:36.416Z] [ERROR] Error fetching data from Adafruit:
[2025-04-23T09:49:36.416Z] [ERROR] Error in scheduled Adafruit sync:
[2025-04-23T09:49:40.407Z] [INFO] Fetching data from Adafruit IO
[2025-04-23T09:49:40.675Z] [ERROR] Error fetching data from Adafruit:
[2025-04-23T09:49:40.675Z] [ERROR] Error in scheduled Adafruit sync:
[2025-04-23T09:49:45.461Z] [INFO] Fetching data from Adafruit IO
[2025-04-23T09:49:46.521Z] [ERROR] Error fetching data from Adafruit:
[2025-04-23T09:49:46.521Z] [ERROR] Error in scheduled Adafruit sync:
[2025-04-23T09:49:50.513Z] [INFO] Fetching data from Adafruit IO
[2025-04-23T09:49:50.781Z] [ERROR] Error fetching data from Adafruit:
[2025-04-23T09:49:50.781Z] [ERROR] Error in scheduled Adafruit sync:
[2025-04-23T09:49:55.562Z] [INFO] Fetching data from Adafruit IO
[2025-04-23T09:49:56.626Z] [ERROR] Error fetching data from Adafruit:
[2025-04-23T09:49:56.627Z] [ERROR] Error in scheduled Adafruit sync:
[2025-04-23T09:50:00.621Z] [INFO] Fetching data from Adafruit IO
[2025-04-23T09:50:00.894Z] [ERROR] Error fetching data from Adafruit:
[2025-04-23T09:50:00.894Z] [ERROR] Error in scheduled Adafruit sync:
[2025-04-23T09:50:05.664Z] [INFO] Fetching data from Adafruit IO
[2025-04-23T09:50:06.726Z] [ERROR] Error fetching data from Adafruit:
[2025-04-23T09:50:06.727Z] [ERROR] Error in scheduled Adafruit sync:
[2025-04-23T09:50:10.719Z] [INFO] Fetching data from Adafruit IO
[2025-04-23T09:50:10.987Z] [ERROR] Error fetching data from Adafruit:
[2025-04-23T09:50:10.988Z] [ERROR] Error in scheduled Adafruit sync:
[2025-04-23T09:50:15.788Z] [INFO] Fetching data from Adafruit IO
[2025-04-23T09:50:16.821Z] [ERROR] Error fetching data from Adafruit:
[2025-04-23T09:50:16.821Z] [ERROR] Error in scheduled Adafruit sync:
[2025-04-23T09:50:20.839Z] [INFO] Fetching data from Adafruit IO
[2025-04-23T09:50:21.881Z] [ERROR] Error fetching data from Adafruit:
[2025-04-23T09:50:21.881Z] [ERROR] Error in scheduled Adafruit sync:
[2025-04-23T09:50:25.897Z] [INFO] Fetching data from Adafruit IO
[2025-04-23T09:50:26.690Z] [ERROR] Error fetching data from Adafruit:
[2025-04-23T09:50:26.690Z] [ERROR] Error in scheduled Adafruit sync:
[2025-04-23T09:50:30.942Z] [INFO] Fetching data from Adafruit IO
[2025-04-23T09:50:31.995Z] [ERROR] Error fetching data from Adafruit:
[2025-04-23T09:50:31.996Z] [ERROR] Error in scheduled Adafruit sync:
[2025-04-23T09:50:35.981Z] [INFO] Fetching data from Adafruit IO
[2025-04-23T09:50:36.247Z] [ERROR] Error fetching data from Adafruit:
[2025-04-23T09:50:36.248Z] [ERROR] Error in scheduled Adafruit sync:
[2025-04-23T09:50:40.019Z] [INFO] Fetching data from Adafruit IO
[2025-04-23T09:50:40.287Z] [ERROR] Error fetching data from Adafruit:
[2025-04-23T09:50:40.288Z] [ERROR] Error in scheduled Adafruit sync:
[2025-04-23T09:50:45.053Z] [INFO] Fetching data from Adafruit IO
[2025-04-23T09:50:45.875Z] [ERROR] Error fetching data from Adafruit:
[2025-04-23T09:50:45.882Z] [ERROR] Error in scheduled Adafruit sync:
[2025-04-23T09:50:50.103Z] [INFO] Fetching data from Adafruit IO
[2025-04-23T09:50:50.896Z] [ERROR] Error fetching data from Adafruit:
[2025-04-23T09:50:50.897Z] [ERROR] Error in scheduled Adafruit sync:
[2025-04-23T09:50:55.208Z] [INFO] Fetching data from Adafruit IO
[2025-04-23T09:50:56.001Z] [ERROR] Error fetching data from Adafruit:
[2025-04-23T09:50:56.002Z] [ERROR] Error in scheduled Adafruit sync:
[2025-04-23T09:51:00.260Z] [INFO] Fetching data from Adafruit IO
[2025-04-23T09:51:01.351Z] [ERROR] Error fetching data from Adafruit:
[2025-04-23T09:51:01.351Z] [ERROR] Error in scheduled Adafruit sync:
[2025-04-23T09:51:05.291Z] [INFO] Fetching data from Adafruit IO
[2025-04-23T09:51:05.569Z] [ERROR] Error fetching data from Adafruit:
[2025-04-23T09:51:05.569Z] [ERROR] Error in scheduled Adafruit sync:
[2025-04-23T09:51:10.318Z] [INFO] Fetching data from Adafruit IO
[2025-04-23T09:51:11.396Z] [ERROR] Error fetching data from Adafruit:
[2025-04-23T09:51:11.396Z] [ERROR] Error in scheduled Adafruit sync:
[2025-04-23T09:51:15.347Z] [INFO] Fetching data from Adafruit IO
[2025-04-23T09:51:15.619Z] [ERROR] Error fetching data from Adafruit:
[2025-04-23T09:51:15.619Z] [ERROR] Error in scheduled Adafruit sync:
[2025-04-23T09:51:20.380Z] [INFO] Fetching data from Adafruit IO
[2025-04-23T09:51:21.181Z] [ERROR] Error fetching data from Adafruit:
[2025-04-23T09:51:21.181Z] [ERROR] Error in scheduled Adafruit sync:
[2025-04-23T09:51:25.434Z] [INFO] Fetching data from Adafruit IO
[2025-04-23T09:51:26.231Z] [ERROR] Error fetching data from Adafruit:
[2025-04-23T09:51:26.231Z] [ERROR] Error in scheduled Adafruit sync:
[2025-04-23T09:51:30.473Z] [INFO] Fetching data from Adafruit IO
[2025-04-23T09:51:31.548Z] [ERROR] Error fetching data from Adafruit:
[2025-04-23T09:51:31.548Z] [ERROR] Error in scheduled Adafruit sync:
[2025-04-23T09:51:35.527Z] [INFO] Fetching data from Adafruit IO
[2025-04-23T09:51:35.800Z] [ERROR] Error fetching data from Adafruit:
[2025-04-23T09:51:35.801Z] [ERROR] Error in scheduled Adafruit sync:
[2025-04-23T09:51:40.581Z] [INFO] Fetching data from Adafruit IO
[2025-04-23T09:51:41.357Z] [ERROR] Error fetching data from Adafruit:
[2025-04-23T09:51:41.357Z] [ERROR] Error in scheduled Adafruit sync:
[2025-04-23T09:51:45.611Z] [INFO] Fetching data from Adafruit IO
[2025-04-23T09:51:46.684Z] [ERROR] Error fetching data from Adafruit:
[2025-04-23T09:51:46.684Z] [ERROR] Error in scheduled Adafruit sync:
[2025-04-23T09:51:50.644Z] [INFO] Fetching data from Adafruit IO
[2025-04-23T09:51:50.916Z] [ERROR] Error fetching data from Adafruit:
[2025-04-23T09:51:50.916Z] [ERROR] Error in scheduled Adafruit sync:
[2025-04-23T09:51:55.698Z] [INFO] Fetching data from Adafruit IO
[2025-04-23T09:51:56.747Z] [ERROR] Error fetching data from Adafruit:
[2025-04-23T09:51:56.747Z] [ERROR] Error in scheduled Adafruit sync:
[2025-04-23T09:52:00.740Z] [INFO] Fetching data from Adafruit IO
[2025-04-23T09:52:01.005Z] [ERROR] Error fetching data from Adafruit:
[2025-04-23T09:52:01.007Z] [ERROR] Error in scheduled Adafruit sync:
[2025-04-23T09:52:05.797Z] [INFO] Fetching data from Adafruit IO
[2025-04-23T09:52:06.588Z] [ERROR] Error fetching data from Adafruit:
[2025-04-23T09:52:06.588Z] [ERROR] Error in scheduled Adafruit sync:
[2025-04-23T09:52:10.845Z] [INFO] Fetching data from Adafruit IO
[2025-04-23T09:52:11.891Z] [ERROR] Error fetching data from Adafruit:
[2025-04-23T09:52:11.892Z] [ERROR] Error in scheduled Adafruit sync:
[2025-04-23T09:52:15.899Z] [INFO] Fetching data from Adafruit IO
[2025-04-23T09:52:16.161Z] [ERROR] Error fetching data from Adafruit:
[2025-04-23T09:52:16.162Z] [ERROR] Error in scheduled Adafruit sync:
[2025-04-23T09:52:20.963Z] [INFO] Fetching data from Adafruit IO
[2025-04-23T09:52:21.768Z] [ERROR] Error fetching data from Adafruit:
[2025-04-23T09:52:21.769Z] [ERROR] Error in scheduled Adafruit sync:
[2025-04-23T09:52:25.993Z] [INFO] Fetching data from Adafruit IO
[2025-04-23T09:52:27.041Z] [ERROR] Error fetching data from Adafruit:
[2025-04-23T09:52:27.042Z] [ERROR] Error in scheduled Adafruit sync:
[2025-04-23T09:52:30.015Z] [INFO] Fetching data from Adafruit IO
[2025-04-23T09:52:30.281Z] [ERROR] Error fetching data from Adafruit:
[2025-04-23T09:52:30.282Z] [ERROR] Error in scheduled Adafruit sync:
[2025-04-23T09:52:35.056Z] [INFO] Fetching data from Adafruit IO
[2025-04-23T09:52:36.112Z] [ERROR] Error fetching data from Adafruit:
[2025-04-23T09:52:36.112Z] [ERROR] Error in scheduled Adafruit sync:
[2025-04-23T09:52:40.092Z] [INFO] Fetching data from Adafruit IO
[2025-04-23T09:52:40.359Z] [ERROR] Error fetching data from Adafruit:
[2025-04-23T09:52:40.359Z] [ERROR] Error in scheduled Adafruit sync:
[2025-04-23T09:52:45.134Z] [INFO] Fetching data from Adafruit IO
[2025-04-23T09:52:45.934Z] [ERROR] Error fetching data from Adafruit:
[2025-04-23T09:52:45.934Z] [ERROR] Error in scheduled Adafruit sync:
[2025-04-23T09:52:50.168Z] [INFO] Fetching data from Adafruit IO
[2025-04-23T09:52:51.218Z] [ERROR] Error fetching data from Adafruit:
[2025-04-23T09:52:51.218Z] [ERROR] Error in scheduled Adafruit sync:
[2025-04-23T09:52:55.207Z] [INFO] Fetching data from Adafruit IO
[2025-04-23T09:52:55.470Z] [ERROR] Error fetching data from Adafruit:
[2025-04-23T09:52:55.470Z] [ERROR] Error in scheduled Adafruit sync:
[2025-04-23T09:53:22.868Z] [INFO] MQTT Service is disabled (MOCK version)
[2025-04-23T09:53:22.877Z] [INFO] Starting Adafruit sync service
[2025-04-23T09:53:25.909Z] [INFO] Fetching data from Adafruit IO
[2025-04-23T09:53:26.763Z] [ERROR] Error fetching data from Adafruit:
[2025-04-23T09:53:26.763Z] [ERROR] Error in scheduled Adafruit sync:
[2025-04-23T09:53:30.991Z] [INFO] Fetching data from Adafruit IO
[2025-04-23T09:53:32.066Z] [ERROR] Error fetching data from Adafruit:
[2025-04-23T09:53:32.067Z] [ERROR] Error in scheduled Adafruit sync:
[2025-04-23T09:53:35.041Z] [INFO] Fetching data from Adafruit IO
[2025-04-23T09:53:35.317Z] [ERROR] Error fetching data from Adafruit:
[2025-04-23T09:53:35.318Z] [ERROR] Error in scheduled Adafruit sync:
[2025-04-23T09:53:40.086Z] [INFO] Fetching data from Adafruit IO
[2025-04-23T09:53:40.855Z] [ERROR] Error fetching data from Adafruit:
[2025-04-23T09:53:40.856Z] [ERROR] Error in scheduled Adafruit sync:
[2025-04-23T09:53:45.137Z] [INFO] Fetching data from Adafruit IO
[2025-04-23T09:53:46.211Z] [ERROR] Error fetching data from Adafruit:
[2025-04-23T09:53:46.211Z] [ERROR] Error in scheduled Adafruit sync:
[2025-04-23T09:53:50.179Z] [INFO] Fetching data from Adafruit IO
[2025-04-23T09:53:50.453Z] [ERROR] Error fetching data from Adafruit:
[2025-04-23T09:53:50.453Z] [ERROR] Error in scheduled Adafruit sync:
[2025-04-23T09:53:55.221Z] [INFO] Fetching data from Adafruit IO
[2025-04-23T09:53:56.282Z] [ERROR] Error fetching data from Adafruit:
[2025-04-23T09:53:56.282Z] [ERROR] Error in scheduled Adafruit sync:
[2025-04-23T09:54:00.256Z] [INFO] Fetching data from Adafruit IO
[2025-04-23T09:54:00.527Z] [ERROR] Error fetching data from Adafruit:
[2025-04-23T09:54:00.528Z] [ERROR] Error in scheduled Adafruit sync:
[2025-04-23T09:54:05.295Z] [INFO] Fetching data from Adafruit IO
[2025-04-23T09:54:06.334Z] [ERROR] Error fetching data from Adafruit:
[2025-04-23T09:54:06.334Z] [ERROR] Error in scheduled Adafruit sync:
[2025-04-23T09:54:10.324Z] [INFO] Fetching data from Adafruit IO
[2025-04-23T09:54:10.586Z] [ERROR] Error fetching data from Adafruit:
[2025-04-23T09:54:10.586Z] [ERROR] Error in scheduled Adafruit sync:
[2025-04-23T09:54:15.350Z] [INFO] Fetching data from Adafruit IO
[2025-04-23T09:54:16.399Z] [ERROR] Error fetching data from Adafruit:
[2025-04-23T09:54:16.400Z] [ERROR] Error in scheduled Adafruit sync:
[2025-04-23T09:54:20.410Z] [INFO] Fetching data from Adafruit IO
[2025-04-23T09:54:21.193Z] [ERROR] Error fetching data from Adafruit:
[2025-04-23T09:54:21.193Z] [ERROR] Error in scheduled Adafruit sync:
[2025-04-23T09:54:25.450Z] [INFO] Fetching data from Adafruit IO
[2025-04-23T09:54:26.244Z] [ERROR] Error in scheduled Adafruit sync:
[2025-04-23T09:54:26.244Z] [ERROR] Error fetching data from Adafruit:
[2025-04-23T09:54:30.508Z] [INFO] Fetching data from Adafruit IO
[2025-04-23T09:54:31.581Z] [ERROR] Error fetching data from Adafruit:
[2025-04-23T09:54:31.582Z] [ERROR] Error in scheduled Adafruit sync:
[2025-04-23T09:54:35.557Z] [INFO] Fetching data from Adafruit IO
[2025-04-23T09:54:35.828Z] [ERROR] Error fetching data from Adafruit:
[2025-04-23T09:54:35.828Z] [ERROR] Error in scheduled Adafruit sync:
[2025-04-23T09:54:40.603Z] [INFO] Fetching data from Adafruit IO
[2025-04-23T09:54:41.381Z] [ERROR] Error fetching data from Adafruit:
[2025-04-23T09:54:41.381Z] [ERROR] Error in scheduled Adafruit sync:
[2025-04-23T09:54:45.662Z] [INFO] Fetching data from Adafruit IO
[2025-04-23T09:54:46.453Z] [ERROR] Error fetching data from Adafruit:
[2025-04-23T09:54:46.453Z] [ERROR] Error in scheduled Adafruit sync:
[2025-04-23T09:54:50.725Z] [INFO] Fetching data from Adafruit IO
[2025-04-23T09:54:51.765Z] [ERROR] Error fetching data from Adafruit:
[2025-04-23T09:54:51.765Z] [ERROR] Error in scheduled Adafruit sync:
[2025-04-23T09:54:55.749Z] [INFO] Fetching data from Adafruit IO
[2025-04-23T09:54:56.014Z] [ERROR] Error fetching data from Adafruit:
[2025-04-23T09:54:56.014Z] [ERROR] Error in scheduled Adafruit sync:
[2025-04-23T09:55:00.779Z] [INFO] Fetching data from Adafruit IO
[2025-04-23T09:55:01.840Z] [ERROR] Error fetching data from Adafruit:
[2025-04-23T09:55:01.841Z] [ERROR] Error in scheduled Adafruit sync:
[2025-04-23T09:55:05.826Z] [INFO] Fetching data from Adafruit IO
[2025-04-23T09:55:06.099Z] [ERROR] Error fetching data from Adafruit:
[2025-04-23T09:55:06.100Z] [ERROR] Error in scheduled Adafruit sync:
[2025-04-23T09:55:10.870Z] [INFO] Fetching data from Adafruit IO
[2025-04-23T09:55:11.646Z] [ERROR] Error fetching data from Adafruit:
[2025-04-23T09:55:11.646Z] [ERROR] Error in scheduled Adafruit sync:
[2025-04-23T09:55:15.931Z] [INFO] Fetching data from Adafruit IO
[2025-04-23T09:55:17.003Z] [ERROR] Error fetching data from Adafruit:
[2025-04-23T09:55:17.003Z] [ERROR] Error in scheduled Adafruit sync:
[2025-04-23T09:55:20.973Z] [INFO] Fetching data from Adafruit IO
[2025-04-23T09:55:21.248Z] [ERROR] Error fetching data from Adafruit:
[2025-04-23T09:55:21.249Z] [ERROR] Error in scheduled Adafruit sync:
[2025-04-23T09:55:25.015Z] [INFO] Fetching data from Adafruit IO
[2025-04-23T09:55:25.292Z] [ERROR] Error fetching data from Adafruit:
[2025-04-23T09:55:25.292Z] [ERROR] Error in scheduled Adafruit sync:
[2025-04-23T09:55:30.063Z] [INFO] Fetching data from Adafruit IO
[2025-04-23T09:55:31.096Z] [ERROR] Error in scheduled Adafruit sync:
[2025-04-23T09:55:31.096Z] [ERROR] Error fetching data from Adafruit:
[2025-04-23T09:55:35.077Z] [INFO] Fetching data from Adafruit IO
[2025-04-23T09:55:35.341Z] [ERROR] Error fetching data from Adafruit:
[2025-04-23T09:55:35.341Z] [ERROR] Error in scheduled Adafruit sync:
[2025-04-23T09:55:40.133Z] [INFO] Fetching data from Adafruit IO
[2025-04-23T09:55:40.921Z] [ERROR] Error in scheduled Adafruit sync:
[2025-04-23T09:55:40.920Z] [ERROR] Error fetching data from Adafruit:
[2025-04-23T09:55:45.194Z] [INFO] Fetching data from Adafruit IO
[2025-04-23T09:55:46.299Z] [ERROR] Error fetching data from Adafruit:
[2025-04-23T09:55:46.299Z] [ERROR] Error in scheduled Adafruit sync:
[2025-04-23T09:55:50.251Z] [INFO] Fetching data from Adafruit IO
[2025-04-23T09:55:50.526Z] [ERROR] Error fetching data from Adafruit:
[2025-04-23T09:55:50.527Z] [ERROR] Error in scheduled Adafruit sync:
[2025-04-23T09:55:55.261Z] [INFO] Fetching data from Adafruit IO
[2025-04-23T09:55:56.068Z] [ERROR] Error fetching data from Adafruit:
[2025-04-23T09:55:56.068Z] [ERROR] Error in scheduled Adafruit sync:
[2025-04-23T09:56:00.311Z] [INFO] Fetching data from Adafruit IO
[2025-04-23T09:56:01.080Z] [ERROR] Error fetching data from Adafruit:
[2025-04-23T09:56:01.080Z] [ERROR] Error in scheduled Adafruit sync:
[2025-04-23T09:56:05.339Z] [INFO] Fetching data from Adafruit IO
[2025-04-23T09:56:06.397Z] [ERROR] Error fetching data from Adafruit:
[2025-04-23T09:56:06.398Z] [ERROR] Error in scheduled Adafruit sync:
[2025-04-23T09:56:10.372Z] [INFO] Fetching data from Adafruit IO
[2025-04-23T09:56:10.640Z] [ERROR] Error fetching data from Adafruit:
[2025-04-23T09:56:10.640Z] [ERROR] Error in scheduled Adafruit sync:
[2025-04-23T09:56:15.406Z] [INFO] Fetching data from Adafruit IO
[2025-04-23T09:56:16.189Z] [ERROR] Error fetching data from Adafruit:
[2025-04-23T09:56:16.189Z] [ERROR] Error in scheduled Adafruit sync:
[2025-04-23T09:56:20.456Z] [INFO] Fetching data from Adafruit IO
[2025-04-23T09:56:21.250Z] [ERROR] Error fetching data from Adafruit:
[2025-04-23T09:56:21.250Z] [ERROR] Error in scheduled Adafruit sync:
[2025-04-23T09:56:25.479Z] [INFO] Fetching data from Adafruit IO
[2025-04-23T09:56:26.255Z] [ERROR] Error fetching data from Adafruit:
[2025-04-23T09:56:26.256Z] [ERROR] Error in scheduled Adafruit sync:
[2025-04-23T09:56:30.525Z] [INFO] Fetching data from Adafruit IO
[2025-04-23T09:56:31.321Z] [ERROR] Error fetching data from Adafruit:
[2025-04-23T09:56:31.322Z] [ERROR] Error in scheduled Adafruit sync:
[2025-04-23T09:56:35.581Z] [INFO] Fetching data from Adafruit IO
[2025-04-23T09:56:36.365Z] [ERROR] Error fetching data from Adafruit:
[2025-04-23T09:56:36.365Z] [ERROR] Error in scheduled Adafruit sync:
[2025-04-23T09:56:40.618Z] [INFO] Fetching data from Adafruit IO
[2025-04-23T09:56:41.666Z] [ERROR] Error fetching data from Adafruit:
[2025-04-23T09:56:41.666Z] [ERROR] Error in scheduled Adafruit sync:
[2025-04-23T09:56:45.665Z] [INFO] Fetching data from Adafruit IO
[2025-04-23T09:56:45.934Z] [ERROR] Error fetching data from Adafruit:
[2025-04-23T09:56:45.934Z] [ERROR] Error in scheduled Adafruit sync:
[2025-04-23T09:56:50.728Z] [INFO] Fetching data from Adafruit IO
[2025-04-23T09:56:51.795Z] [ERROR] Error fetching data from Adafruit:
[2025-04-23T09:56:51.795Z] [ERROR] Error in scheduled Adafruit sync:
[2025-04-23T09:56:55.787Z] [INFO] Fetching data from Adafruit IO
[2025-04-23T09:56:56.060Z] [ERROR] Error fetching data from Adafruit:
[2025-04-23T09:56:56.060Z] [ERROR] Error in scheduled Adafruit sync:
[2025-04-23T09:57:00.841Z] [INFO] Fetching data from Adafruit IO
[2025-04-23T09:57:01.904Z] [ERROR] Error fetching data from Adafruit:
[2025-04-23T09:57:01.904Z] [ERROR] Error in scheduled Adafruit sync:
[2025-04-23T09:57:05.888Z] [INFO] Fetching data from Adafruit IO
[2025-04-23T09:57:06.161Z] [ERROR] Error fetching data from Adafruit:
[2025-04-23T09:57:06.161Z] [ERROR] Error in scheduled Adafruit sync:
[2025-04-23T09:57:10.937Z] [INFO] Fetching data from Adafruit IO
[2025-04-23T09:57:11.709Z] [ERROR] Error fetching data from Adafruit:
[2025-04-23T09:57:11.709Z] [ERROR] Error in scheduled Adafruit sync:
[2025-04-23T09:57:20.054Z] [INFO] Fetching data from Adafruit IO
[2025-04-23T09:57:20.843Z] [ERROR] Error fetching data from Adafruit:
[2025-04-23T09:57:20.843Z] [ERROR] Error in scheduled Adafruit sync:
[2025-04-23T09:57:25.108Z] [INFO] Fetching data from Adafruit IO
[2025-04-23T09:57:26.192Z] [ERROR] Error fetching data from Adafruit:
[2025-04-23T09:57:26.192Z] [ERROR] Error in scheduled Adafruit sync:
[2025-04-23T09:57:30.176Z] [INFO] Fetching data from Adafruit IO
[2025-04-23T09:57:30.457Z] [ERROR] Error fetching data from Adafruit:
[2025-04-23T09:57:30.457Z] [ERROR] Error in scheduled Adafruit sync:
[2025-04-23T09:57:35.241Z] [INFO] Fetching data from Adafruit IO
[2025-04-23T09:57:36.288Z] [ERROR] Error fetching data from Adafruit:
[2025-04-23T09:57:36.289Z] [ERROR] Error in scheduled Adafruit sync:
[2025-04-23T09:57:40.293Z] [INFO] Fetching data from Adafruit IO
[2025-04-23T09:57:40.560Z] [ERROR] Error fetching data from Adafruit:
[2025-04-23T09:57:40.561Z] [ERROR] Error in scheduled Adafruit sync:
[2025-04-23T09:57:45.345Z] [INFO] Fetching data from Adafruit IO
[2025-04-23T09:57:46.383Z] [ERROR] Error fetching data from Adafruit:
[2025-04-23T09:57:46.384Z] [ERROR] Error in scheduled Adafruit sync:
[2025-04-23T09:57:50.407Z] [INFO] Fetching data from Adafruit IO
[2025-04-23T09:57:51.472Z] [ERROR] Error in scheduled Adafruit sync:
[2025-04-23T09:57:51.471Z] [ERROR] Error fetching data from Adafruit:
[2025-04-23T09:57:55.459Z] [INFO] Fetching data from Adafruit IO
[2025-04-23T09:57:55.732Z] [ERROR] Error fetching data from Adafruit:
[2025-04-23T09:57:55.733Z] [ERROR] Error in scheduled Adafruit sync:
[2025-04-23T09:58:00.507Z] [INFO] Fetching data from Adafruit IO
[2025-04-23T09:58:01.542Z] [ERROR] Error in scheduled Adafruit sync:
[2025-04-23T09:58:01.541Z] [ERROR] Error fetching data from Adafruit:
[2025-04-23T09:58:05.555Z] [INFO] Fetching data from Adafruit IO
[2025-04-23T09:58:06.349Z] [ERROR] Error fetching data from Adafruit:
[2025-04-23T09:58:06.349Z] [ERROR] Error in scheduled Adafruit sync:
[2025-04-23T09:58:10.596Z] [INFO] Fetching data from Adafruit IO
[2025-04-23T09:58:11.648Z] [ERROR] Error fetching data from Adafruit:
[2025-04-23T09:58:11.649Z] [ERROR] Error in scheduled Adafruit sync:
[2025-04-23T09:58:15.653Z] [INFO] Fetching data from Adafruit IO
[2025-04-23T09:58:15.923Z] [ERROR] Error fetching data from Adafruit:
[2025-04-23T09:58:15.924Z] [ERROR] Error in scheduled Adafruit sync:
[2025-04-23T09:58:20.719Z] [INFO] Fetching data from Adafruit IO
[2025-04-23T09:58:21.767Z] [ERROR] Error fetching data from Adafruit:
[2025-04-23T09:58:21.767Z] [ERROR] Error in scheduled Adafruit sync:
[2025-04-23T09:58:25.771Z] [INFO] Fetching data from Adafruit IO
[2025-04-23T09:58:26.808Z] [ERROR] Error fetching data from Adafruit:
[2025-04-23T09:58:26.808Z] [ERROR] Error in scheduled Adafruit sync:
[2025-04-23T09:58:30.840Z] [INFO] Fetching data from Adafruit IO
[2025-04-23T09:58:31.878Z] [ERROR] Error fetching data from Adafruit:
[2025-04-23T09:58:31.878Z] [ERROR] Error in scheduled Adafruit sync:
[2025-04-23T09:58:35.883Z] [INFO] Fetching data from Adafruit IO
[2025-04-23T09:58:36.149Z] [ERROR] Error in scheduled Adafruit sync:
[2025-04-23T09:58:36.149Z] [ERROR] Error fetching data from Adafruit:
[2025-04-23T09:58:40.937Z] [INFO] Fetching data from Adafruit IO
[2025-04-23T09:58:41.989Z] [ERROR] Error fetching data from Adafruit:
[2025-04-23T09:58:41.989Z] [ERROR] Error in scheduled Adafruit sync:
[2025-04-23T09:58:45.992Z] [INFO] Fetching data from Adafruit IO
[2025-04-23T09:58:46.260Z] [ERROR] Error fetching data from Adafruit:
[2025-04-23T09:58:46.260Z] [ERROR] Error in scheduled Adafruit sync:
[2025-04-23T09:58:50.047Z] [INFO] Fetching data from Adafruit IO
[2025-04-23T09:58:50.314Z] [ERROR] Error fetching data from Adafruit:
[2025-04-23T09:58:50.314Z] [ERROR] Error in scheduled Adafruit sync:
[2025-04-23T09:58:55.096Z] [INFO] Fetching data from Adafruit IO
[2025-04-23T09:58:55.890Z] [ERROR] Error fetching data from Adafruit:
[2025-04-23T09:58:55.891Z] [ERROR] Error in scheduled Adafruit sync:
[2025-04-23T09:59:00.122Z] [INFO] Fetching data from Adafruit IO
[2025-04-23T09:59:01.173Z] [ERROR] Error fetching data from Adafruit:
[2025-04-23T09:59:01.173Z] [ERROR] Error in scheduled Adafruit sync:
[2025-04-23T09:59:05.176Z] [INFO] Fetching data from Adafruit IO
[2025-04-23T09:59:05.450Z] [ERROR] Error fetching data from Adafruit:
[2025-04-23T09:59:05.450Z] [ERROR] Error in scheduled Adafruit sync:
[2025-04-23T09:59:10.231Z] [INFO] Fetching data from Adafruit IO
[2025-04-23T09:59:11.025Z] [ERROR] Error fetching data from Adafruit:
[2025-04-23T09:59:11.025Z] [ERROR] Error in scheduled Adafruit sync:
[2025-04-23T09:59:15.271Z] [INFO] Fetching data from Adafruit IO
[2025-04-23T09:59:16.052Z] [ERROR] Error fetching data from Adafruit:
[2025-04-23T09:59:16.053Z] [ERROR] Error in scheduled Adafruit sync:
[2025-04-23T09:59:20.323Z] [INFO] Fetching data from Adafruit IO
[2025-04-23T09:59:21.116Z] [ERROR] Error fetching data from Adafruit:
[2025-04-23T09:59:21.116Z] [ERROR] Error in scheduled Adafruit sync:
[2025-04-23T09:59:25.372Z] [INFO] Fetching data from Adafruit IO
[2025-04-23T09:59:26.137Z] [ERROR] Error fetching data from Adafruit:
[2025-04-23T09:59:26.137Z] [ERROR] Error in scheduled Adafruit sync:
[2025-04-23T09:59:30.413Z] [INFO] Fetching data from Adafruit IO
[2025-04-23T09:59:31.195Z] [ERROR] Error fetching data from Adafruit:
[2025-04-23T09:59:31.195Z] [ERROR] Error in scheduled Adafruit sync:
[2025-04-23T09:59:35.467Z] [INFO] Fetching data from Adafruit IO
[2025-04-23T09:59:36.240Z] [ERROR] Error fetching data from Adafruit:
[2025-04-23T09:59:36.241Z] [ERROR] Error in scheduled Adafruit sync:
[2025-04-23T09:59:40.516Z] [INFO] Fetching data from Adafruit IO
[2025-04-23T09:59:41.306Z] [ERROR] Error fetching data from Adafruit:
[2025-04-23T09:59:41.306Z] [ERROR] Error in scheduled Adafruit sync:
[2025-04-23T09:59:45.567Z] [INFO] Fetching data from Adafruit IO
[2025-04-23T09:59:46.639Z] [ERROR] Error fetching data from Adafruit:
[2025-04-23T09:59:46.639Z] [ERROR] Error in scheduled Adafruit sync:
[2025-04-23T09:59:50.627Z] [INFO] Fetching data from Adafruit IO
[2025-04-23T09:59:50.900Z] [ERROR] Error fetching data from Adafruit:
[2025-04-23T09:59:50.901Z] [ERROR] Error in scheduled Adafruit sync:
[2025-04-23T09:59:55.696Z] [INFO] Fetching data from Adafruit IO
[2025-04-23T09:59:56.474Z] [ERROR] Error fetching data from Adafruit:
[2025-04-23T09:59:56.474Z] [ERROR] Error in scheduled Adafruit sync:
[2025-04-23T10:00:00.750Z] [INFO] Fetching data from Adafruit IO
[2025-04-23T10:00:01.534Z] [ERROR] Error in scheduled Adafruit sync:
[2025-04-23T10:00:01.533Z] [ERROR] Error fetching data from Adafruit:
[2025-04-23T10:00:05.796Z] [INFO] Fetching data from Adafruit IO
[2025-04-23T10:00:06.863Z] [ERROR] Error fetching data from Adafruit:
[2025-04-23T10:00:06.864Z] [ERROR] Error in scheduled Adafruit sync:
[2025-04-23T10:00:10.855Z] [INFO] Fetching data from Adafruit IO
[2025-04-23T10:00:11.126Z] [ERROR] Error fetching data from Adafruit:
[2025-04-23T10:00:11.126Z] [ERROR] Error in scheduled Adafruit sync:
[2025-04-23T10:00:15.896Z] [INFO] Fetching data from Adafruit IO
[2025-04-23T10:00:16.940Z] [ERROR] Error fetching data from Adafruit:
[2025-04-23T10:00:16.940Z] [ERROR] Error in scheduled Adafruit sync:
[2025-04-23T10:00:20.915Z] [INFO] Fetching data from Adafruit IO
[2025-04-23T10:00:21.182Z] [ERROR] Error fetching data from Adafruit:
[2025-04-23T10:00:21.182Z] [ERROR] Error in scheduled Adafruit sync:
[2025-04-23T10:00:25.944Z] [INFO] Fetching data from Adafruit IO
[2025-04-23T10:00:26.732Z] [ERROR] Error fetching data from Adafruit:
[2025-04-23T10:00:26.733Z] [ERROR] Error in scheduled Adafruit sync:
[2025-04-23T10:00:30.978Z] [INFO] Fetching data from Adafruit IO
[2025-04-23T10:00:31.772Z] [ERROR] Error fetching data from Adafruit:
[2025-04-23T10:00:31.773Z] [ERROR] Error in scheduled Adafruit sync:
[2025-04-23T10:00:35.007Z] [INFO] Fetching data from Adafruit IO
[2025-04-23T10:00:35.275Z] [ERROR] Error fetching data from Adafruit:
[2025-04-23T10:00:35.275Z] [ERROR] Error in scheduled Adafruit sync:
[2025-04-23T10:00:40.042Z] [INFO] Fetching data from Adafruit IO
[2025-04-23T10:00:40.813Z] [ERROR] Error fetching data from Adafruit:
[2025-04-23T10:00:40.813Z] [ERROR] Error in scheduled Adafruit sync:
[2025-04-23T10:00:45.089Z] [INFO] Fetching data from Adafruit IO
[2025-04-23T10:00:45.877Z] [ERROR] Error fetching data from Adafruit:
[2025-04-23T10:00:45.878Z] [ERROR] Error in scheduled Adafruit sync:
[2025-04-23T10:00:50.134Z] [INFO] Fetching data from Adafruit IO
[2025-04-23T10:00:51.239Z] [ERROR] Error fetching data from Adafruit:
[2025-04-23T10:00:51.239Z] [ERROR] Error in scheduled Adafruit sync:
[2025-04-23T10:00:55.183Z] [INFO] Fetching data from Adafruit IO
[2025-04-23T10:00:55.456Z] [ERROR] Error fetching data from Adafruit:
[2025-04-23T10:00:55.456Z] [ERROR] Error in scheduled Adafruit sync:
[2025-04-23T10:01:00.229Z] [INFO] Fetching data from Adafruit IO
[2025-04-23T10:01:01.023Z] [ERROR] Error in scheduled Adafruit sync:
[2025-04-23T10:01:01.023Z] [ERROR] Error fetching data from Adafruit:
[2025-04-23T10:01:05.292Z] [INFO] Fetching data from Adafruit IO
[2025-04-23T10:01:06.088Z] [ERROR] Error fetching data from Adafruit:
[2025-04-23T10:01:06.089Z] [ERROR] Error in scheduled Adafruit sync:
[2025-04-23T10:01:10.339Z] [INFO] Fetching data from Adafruit IO
[2025-04-23T10:01:11.110Z] [ERROR] Error fetching data from Adafruit:
[2025-04-23T10:01:11.110Z] [ERROR] Error in scheduled Adafruit sync:
[2025-04-23T10:01:15.411Z] [INFO] Fetching data from Adafruit IO
[2025-04-23T10:01:16.198Z] [ERROR] Error fetching data from Adafruit:
[2025-04-23T10:01:16.198Z] [ERROR] Error in scheduled Adafruit sync:
[2025-04-23T10:01:20.444Z] [INFO] Fetching data from Adafruit IO
[2025-04-23T10:01:21.222Z] [ERROR] Error fetching data from Adafruit:
[2025-04-23T10:01:21.222Z] [ERROR] Error in scheduled Adafruit sync:
[2025-04-23T10:01:25.497Z] [INFO] Fetching data from Adafruit IO
[2025-04-23T10:01:26.567Z] [ERROR] Error fetching data from Adafruit:
[2025-04-23T10:01:26.567Z] [ERROR] Error in scheduled Adafruit sync:
[2025-04-23T10:01:30.555Z] [INFO] Fetching data from Adafruit IO
[2025-04-23T10:01:30.836Z] [ERROR] Error fetching data from Adafruit:
[2025-04-23T10:01:30.843Z] [ERROR] Error in scheduled Adafruit sync:
[2025-04-23T10:01:35.603Z] [INFO] Fetching data from Adafruit IO
[2025-04-23T10:01:36.661Z] [ERROR] Error fetching data from Adafruit:
[2025-04-23T10:01:36.661Z] [ERROR] Error in scheduled Adafruit sync:
[2025-04-23T10:01:40.624Z] [INFO] Fetching data from Adafruit IO
[2025-04-23T10:01:40.892Z] [ERROR] Error fetching data from Adafruit:
[2025-04-23T10:01:40.893Z] [ERROR] Error in scheduled Adafruit sync:
[2025-04-23T10:01:45.668Z] [INFO] Fetching data from Adafruit IO
[2025-04-23T10:01:46.458Z] [ERROR] Error fetching data from Adafruit:
[2025-04-23T10:01:46.458Z] [ERROR] Error in scheduled Adafruit sync:
[2025-04-23T10:01:50.706Z] [INFO] Fetching data from Adafruit IO
[2025-04-23T10:01:51.766Z] [ERROR] Error fetching data from Adafruit:
[2025-04-23T10:01:51.766Z] [ERROR] Error in scheduled Adafruit sync:
[2025-04-23T10:01:55.764Z] [INFO] Fetching data from Adafruit IO
[2025-04-23T10:01:56.036Z] [ERROR] Error fetching data from Adafruit:
[2025-04-23T10:01:56.036Z] [ERROR] Error in scheduled Adafruit sync:
[2025-04-23T10:02:00.811Z] [INFO] Fetching data from Adafruit IO
[2025-04-23T10:02:01.853Z] [ERROR] Error fetching data from Adafruit:
[2025-04-23T10:02:01.854Z] [ERROR] Error in scheduled Adafruit sync:
[2025-04-23T10:02:05.868Z] [INFO] Fetching data from Adafruit IO
[2025-04-23T10:02:06.937Z] [ERROR] Error fetching data from Adafruit:
[2025-04-23T10:02:06.937Z] [ERROR] Error in scheduled Adafruit sync:
[2025-04-23T10:02:10.924Z] [INFO] Fetching data from Adafruit IO
[2025-04-23T10:02:11.195Z] [ERROR] Error fetching data from Adafruit:
[2025-04-23T10:02:11.195Z] [ERROR] Error in scheduled Adafruit sync:
[2025-04-23T10:02:15.987Z] [INFO] Fetching data from Adafruit IO
[2025-04-23T10:02:17.020Z] [ERROR] Error fetching data from Adafruit:
[2025-04-23T10:02:17.020Z] [ERROR] Error in scheduled Adafruit sync:
[2025-04-23T10:02:20.011Z] [INFO] Fetching data from Adafruit IO
[2025-04-23T10:02:20.274Z] [ERROR] Error fetching data from Adafruit:
[2025-04-23T10:02:20.274Z] [ERROR] Error in scheduled Adafruit sync:
[2025-04-23T10:02:25.068Z] [INFO] Fetching data from Adafruit IO
[2025-04-23T10:02:25.865Z] [ERROR] Error fetching data from Adafruit:
[2025-04-23T10:02:25.865Z] [ERROR] Error in scheduled Adafruit sync:
[2025-04-23T10:02:30.119Z] [INFO] Fetching data from Adafruit IO
[2025-04-23T10:02:31.156Z] [ERROR] Error fetching data from Adafruit:
[2025-04-23T10:02:31.157Z] [ERROR] Error in scheduled Adafruit sync:
[2025-04-23T10:02:35.183Z] [INFO] Fetching data from Adafruit IO
[2025-04-23T10:02:36.246Z] [ERROR] Error fetching data from Adafruit:
[2025-04-23T10:02:36.246Z] [ERROR] Error in scheduled Adafruit sync:
[2025-04-23T10:02:40.232Z] [INFO] Fetching data from Adafruit IO
[2025-04-23T10:02:40.507Z] [ERROR] Error fetching data from Adafruit:
[2025-04-23T10:02:40.507Z] [ERROR] Error in scheduled Adafruit sync:
[2025-04-23T10:02:45.283Z] [INFO] Fetching data from Adafruit IO
[2025-04-23T10:02:46.374Z] [ERROR] Error fetching data from Adafruit:
[2025-04-23T10:02:46.375Z] [ERROR] Error in scheduled Adafruit sync:
[2025-04-23T10:02:50.335Z] [INFO] Fetching data from Adafruit IO
[2025-04-23T10:02:50.612Z] [ERROR] Error fetching data from Adafruit:
[2025-04-23T10:02:50.612Z] [ERROR] Error in scheduled Adafruit sync:
[2025-04-23T10:02:55.390Z] [INFO] Fetching data from Adafruit IO
[2025-04-23T10:02:56.462Z] [ERROR] Error fetching data from Adafruit:
[2025-04-23T10:02:56.462Z] [ERROR] Error in scheduled Adafruit sync:
[2025-04-23T10:03:00.428Z] [INFO] Fetching data from Adafruit IO
[2025-04-23T10:03:00.705Z] [ERROR] Error fetching data from Adafruit:
[2025-04-23T10:03:00.706Z] [ERROR] Error in scheduled Adafruit sync:
[2025-04-23T10:03:05.464Z] [INFO] Fetching data from Adafruit IO
[2025-04-23T10:03:06.267Z] [ERROR] Error fetching data from Adafruit:
[2025-04-23T10:03:06.267Z] [ERROR] Error in scheduled Adafruit sync:
[2025-04-23T10:03:10.525Z] [INFO] Fetching data from Adafruit IO
[2025-04-23T10:03:11.588Z] [ERROR] Error fetching data from Adafruit:
[2025-04-23T10:03:11.589Z] [ERROR] Error in scheduled Adafruit sync:
[2025-04-23T10:03:15.571Z] [INFO] Fetching data from Adafruit IO
[2025-04-23T10:03:15.840Z] [ERROR] Error fetching data from Adafruit:
[2025-04-23T10:03:15.840Z] [ERROR] Error in scheduled Adafruit sync:
[2025-04-23T10:03:20.629Z] [INFO] Fetching data from Adafruit IO
[2025-04-23T10:03:21.683Z] [ERROR] Error fetching data from Adafruit:
[2025-04-23T10:03:21.683Z] [ERROR] Error in scheduled Adafruit sync:
[2025-04-23T10:03:25.662Z] [INFO] Fetching data from Adafruit IO
[2025-04-23T10:03:25.929Z] [ERROR] Error fetching data from Adafruit:
[2025-04-23T10:03:25.929Z] [ERROR] Error in scheduled Adafruit sync:
[2025-04-23T10:03:30.707Z] [INFO] Fetching data from Adafruit IO
[2025-04-23T10:03:31.498Z] [ERROR] Error fetching data from Adafruit:
[2025-04-23T10:03:31.498Z] [ERROR] Error in scheduled Adafruit sync:
[2025-04-23T10:03:35.758Z] [INFO] Fetching data from Adafruit IO
[2025-04-23T10:03:36.545Z] [ERROR] Error fetching data from Adafruit:
[2025-04-23T10:03:36.545Z] [ERROR] Error in scheduled Adafruit sync:
[2025-04-23T10:03:40.818Z] [INFO] Fetching data from Adafruit IO
[2025-04-23T10:03:41.617Z] [ERROR] Error fetching data from Adafruit:
[2025-04-23T10:03:41.618Z] [ERROR] Error in scheduled Adafruit sync:
[2025-04-23T10:03:45.856Z] [INFO] Fetching data from Adafruit IO
[2025-04-23T10:03:46.910Z] [ERROR] Error fetching data from Adafruit:
[2025-04-23T10:03:46.910Z] [ERROR] Error in scheduled Adafruit sync:
[2025-04-23T10:03:50.895Z] [INFO] Fetching data from Adafruit IO
[2025-04-23T10:03:51.165Z] [ERROR] Error fetching data from Adafruit:
[2025-04-23T10:03:51.166Z] [ERROR] Error in scheduled Adafruit sync:
[2025-04-23T10:03:55.949Z] [INFO] Fetching data from Adafruit IO
[2025-04-23T10:03:56.756Z] [ERROR] Error fetching data from Adafruit:
[2025-04-23T10:03:56.757Z] [ERROR] Error in scheduled Adafruit sync:
[2025-04-23T10:04:00.991Z] [INFO] Fetching data from Adafruit IO
[2025-04-23T10:04:02.044Z] [ERROR] Error fetching data from Adafruit:
[2025-04-23T10:04:02.044Z] [ERROR] Error in scheduled Adafruit sync:
[2025-04-23T10:04:05.012Z] [INFO] Fetching data from Adafruit IO
[2025-04-23T10:04:05.279Z] [ERROR] Error fetching data from Adafruit:
[2025-04-23T10:04:05.279Z] [ERROR] Error in scheduled Adafruit sync:
[2025-04-23T10:04:10.046Z] [INFO] Fetching data from Adafruit IO
[2025-04-23T10:04:12.171Z] [ERROR] Error fetching data from Adafruit:
[2025-04-23T10:04:12.172Z] [ERROR] Error in scheduled Adafruit sync:
[2025-04-23T10:04:15.101Z] [INFO] Fetching data from Adafruit IO
[2025-04-23T10:04:15.377Z] [ERROR] Error fetching data from Adafruit:
[2025-04-23T10:04:15.377Z] [ERROR] Error in scheduled Adafruit sync:
[2025-04-23T10:04:20.155Z] [INFO] Fetching data from Adafruit IO
[2025-04-23T10:04:21.229Z] [ERROR] Error fetching data from Adafruit:
[2025-04-23T10:04:21.230Z] [ERROR] Error in scheduled Adafruit sync:
[2025-04-23T10:04:25.217Z] [INFO] Fetching data from Adafruit IO
[2025-04-23T10:04:25.494Z] [ERROR] Error fetching data from Adafruit:
[2025-04-23T10:04:25.494Z] [ERROR] Error in scheduled Adafruit sync:
[2025-04-23T10:04:30.269Z] [INFO] Fetching data from Adafruit IO
[2025-04-23T10:04:31.332Z] [ERROR] Error fetching data from Adafruit:
[2025-04-23T10:04:31.332Z] [ERROR] Error in scheduled Adafruit sync:
[2025-04-23T10:04:35.315Z] [INFO] Fetching data from Adafruit IO
[2025-04-23T10:04:35.584Z] [ERROR] Error fetching data from Adafruit:
[2025-04-23T10:04:35.584Z] [ERROR] Error in scheduled Adafruit sync:
[2025-04-23T10:04:40.351Z] [INFO] Fetching data from Adafruit IO
[2025-04-23T10:04:41.415Z] [ERROR] Error fetching data from Adafruit:
[2025-04-23T10:04:41.415Z] [ERROR] Error in scheduled Adafruit sync:
[2025-04-23T10:04:45.397Z] [INFO] Fetching data from Adafruit IO
[2025-04-23T10:04:45.671Z] [ERROR] Error fetching data from Adafruit:
[2025-04-23T10:04:45.672Z] [ERROR] Error in scheduled Adafruit sync:
[2025-04-23T10:04:50.434Z] [INFO] Fetching data from Adafruit IO
[2025-04-23T10:04:51.489Z] [ERROR] Error fetching data from Adafruit:
[2025-04-23T10:04:51.489Z] [ERROR] Error in scheduled Adafruit sync:
[2025-04-23T10:04:55.484Z] [INFO] Fetching data from Adafruit IO
[2025-04-23T10:04:55.755Z] [ERROR] Error fetching data from Adafruit:
[2025-04-23T10:04:55.755Z] [ERROR] Error in scheduled Adafruit sync:
[2025-04-23T10:05:00.531Z] [INFO] Fetching data from Adafruit IO
[2025-04-23T10:05:01.580Z] [ERROR] Error fetching data from Adafruit:
[2025-04-23T10:05:01.580Z] [ERROR] Error in scheduled Adafruit sync:
[2025-04-23T10:05:05.592Z] [INFO] Fetching data from Adafruit IO
[2025-04-23T10:05:06.375Z] [ERROR] Error fetching data from Adafruit:
[2025-04-23T10:05:06.376Z] [ERROR] Error in scheduled Adafruit sync:
[2025-04-23T10:05:10.635Z] [INFO] Fetching data from Adafruit IO
[2025-04-23T10:05:11.694Z] [ERROR] Error fetching data from Adafruit:
[2025-04-23T10:05:11.694Z] [ERROR] Error in scheduled Adafruit sync:
[2025-04-23T10:05:15.691Z] [INFO] Fetching data from Adafruit IO
[2025-04-23T10:05:15.958Z] [ERROR] Error fetching data from Adafruit:
[2025-04-23T10:05:15.959Z] [ERROR] Error in scheduled Adafruit sync:
[2025-04-23T10:05:20.712Z] [INFO] Fetching data from Adafruit IO
[2025-04-23T10:05:21.787Z] [ERROR] Error fetching data from Adafruit:
[2025-04-23T10:05:21.788Z] [ERROR] Error in scheduled Adafruit sync:
[2025-04-23T10:05:25.758Z] [INFO] Fetching data from Adafruit IO
[2025-04-23T10:05:26.032Z] [ERROR] Error fetching data from Adafruit:
[2025-04-23T10:05:26.033Z] [ERROR] Error in scheduled Adafruit sync:
[2025-04-23T10:05:30.778Z] [INFO] Fetching data from Adafruit IO
[2025-04-23T10:05:31.842Z] [ERROR] Error fetching data from Adafruit:
[2025-04-23T10:05:31.842Z] [ERROR] Error in scheduled Adafruit sync:
[2025-04-23T10:05:35.815Z] [INFO] Fetching data from Adafruit IO
[2025-04-23T10:05:36.086Z] [ERROR] Error fetching data from Adafruit:
[2025-04-23T10:05:36.086Z] [ERROR] Error in scheduled Adafruit sync:
[2025-04-23T10:05:40.879Z] [INFO] Fetching data from Adafruit IO
[2025-04-23T10:05:41.659Z] [ERROR] Error fetching data from Adafruit:
[2025-04-23T10:05:41.659Z] [ERROR] Error in scheduled Adafruit sync:
[2025-04-23T10:05:45.931Z] [INFO] Fetching data from Adafruit IO
[2025-04-23T10:05:47.001Z] [ERROR] Error fetching data from Adafruit:
[2025-04-23T10:05:47.002Z] [ERROR] Error in scheduled Adafruit sync:
[2025-04-23T10:05:50.986Z] [INFO] Fetching data from Adafruit IO
[2025-04-23T10:05:51.257Z] [ERROR] Error fetching data from Adafruit:
[2025-04-23T10:05:51.258Z] [ERROR] Error in scheduled Adafruit sync:
[2025-04-23T10:05:55.033Z] [INFO] Fetching data from Adafruit IO
[2025-04-23T10:05:55.308Z] [ERROR] Error fetching data from Adafruit:
[2025-04-23T10:05:55.309Z] [ERROR] Error in scheduled Adafruit sync:
[2025-04-23T10:06:00.081Z] [INFO] Fetching data from Adafruit IO
[2025-04-23T10:06:01.203Z] [ERROR] Error fetching data from Adafruit:
[2025-04-23T10:06:01.203Z] [ERROR] Error in scheduled Adafruit sync:
[2025-04-23T10:06:05.118Z] [INFO] Fetching data from Adafruit IO
[2025-04-23T10:06:05.384Z] [ERROR] Error fetching data from Adafruit:
[2025-04-23T10:06:05.384Z] [ERROR] Error in scheduled Adafruit sync:
[2025-04-23T10:06:10.160Z] [INFO] Fetching data from Adafruit IO
[2025-04-23T10:06:10.953Z] [ERROR] Error fetching data from Adafruit:
[2025-04-23T10:06:10.954Z] [ERROR] Error in scheduled Adafruit sync:
[2025-04-23T10:06:15.193Z] [INFO] Fetching data from Adafruit IO
[2025-04-23T10:06:15.976Z] [ERROR] Error fetching data from Adafruit:
[2025-04-23T10:06:15.977Z] [ERROR] Error in scheduled Adafruit sync:
[2025-04-23T10:06:20.225Z] [INFO] Fetching data from Adafruit IO
[2025-04-23T10:06:21.272Z] [ERROR] Error fetching data from Adafruit:
[2025-04-23T10:06:21.272Z] [ERROR] Error in scheduled Adafruit sync:
[2025-04-23T10:06:25.267Z] [INFO] Fetching data from Adafruit IO
[2025-04-23T10:06:25.531Z] [ERROR] Error fetching data from Adafruit:
[2025-04-23T10:06:25.532Z] [ERROR] Error in scheduled Adafruit sync:
[2025-04-23T10:06:30.286Z] [INFO] Fetching data from Adafruit IO
[2025-04-23T10:06:31.366Z] [ERROR] Error fetching data from Adafruit:
[2025-04-23T10:06:31.367Z] [ERROR] Error in scheduled Adafruit sync:
[2025-04-23T10:06:35.324Z] [INFO] Fetching data from Adafruit IO
[2025-04-23T10:06:35.599Z] [ERROR] Error fetching data from Adafruit:
[2025-04-23T10:06:35.600Z] [ERROR] Error in scheduled Adafruit sync:
[2025-04-23T10:06:40.360Z] [INFO] Fetching data from Adafruit IO
[2025-04-23T10:06:41.443Z] [ERROR] Error fetching data from Adafruit:
[2025-04-23T10:06:41.444Z] [ERROR] Error in scheduled Adafruit sync:
[2025-04-23T10:06:45.411Z] [INFO] Fetching data from Adafruit IO
[2025-04-23T10:06:45.690Z] [ERROR] Error fetching data from Adafruit:
[2025-04-23T10:06:45.690Z] [ERROR] Error in scheduled Adafruit sync:
[2025-04-23T10:06:50.450Z] [INFO] Fetching data from Adafruit IO
[2025-04-23T10:06:51.512Z] [ERROR] Error fetching data from Adafruit:
[2025-04-23T10:06:51.512Z] [ERROR] Error in scheduled Adafruit sync:
[2025-04-23T10:06:55.526Z] [INFO] Fetching data from Adafruit IO
[2025-04-23T10:06:56.585Z] [ERROR] Error fetching data from Adafruit:
[2025-04-23T10:06:56.585Z] [ERROR] Error in scheduled Adafruit sync:
[2025-04-23T10:07:00.573Z] [INFO] Fetching data from Adafruit IO
[2025-04-23T10:07:00.852Z] [ERROR] Error fetching data from Adafruit:
[2025-04-23T10:07:00.853Z] [ERROR] Error in scheduled Adafruit sync:
[2025-04-23T10:07:05.609Z] [INFO] Fetching data from Adafruit IO
[2025-04-23T10:07:06.651Z] [ERROR] Error fetching data from Adafruit:
[2025-04-23T10:07:06.652Z] [ERROR] Error in scheduled Adafruit sync:
[2025-04-23T10:07:10.653Z] [INFO] Fetching data from Adafruit IO
[2025-04-23T10:07:10.915Z] [ERROR] Error fetching data from Adafruit:
[2025-04-23T10:07:10.916Z] [ERROR] Error in scheduled Adafruit sync:
[2025-04-23T10:07:15.703Z] [INFO] Fetching data from Adafruit IO
[2025-04-23T10:07:16.738Z] [ERROR] Error fetching data from Adafruit:
[2025-04-23T10:07:16.738Z] [ERROR] Error in scheduled Adafruit sync:
[2025-04-23T10:07:20.746Z] [INFO] Fetching data from Adafruit IO
[2025-04-23T10:07:21.532Z] [ERROR] Error fetching data from Adafruit:
[2025-04-23T10:07:21.532Z] [ERROR] Error in scheduled Adafruit sync:
[2025-04-23T10:07:25.788Z] [INFO] Fetching data from Adafruit IO
[2025-04-23T10:07:26.828Z] [ERROR] Error fetching data from Adafruit:
[2025-04-23T10:07:26.828Z] [ERROR] Error in scheduled Adafruit sync:
[2025-04-23T10:07:30.828Z] [INFO] Fetching data from Adafruit IO
[2025-04-23T10:07:31.095Z] [ERROR] Error fetching data from Adafruit:
[2025-04-23T10:07:31.095Z] [ERROR] Error in scheduled Adafruit sync:
[2025-04-23T10:07:35.880Z] [INFO] Fetching data from Adafruit IO
[2025-04-23T10:07:36.926Z] [ERROR] Error fetching data from Adafruit:
[2025-04-23T10:07:36.927Z] [ERROR] Error in scheduled Adafruit sync:
[2025-04-23T10:07:40.935Z] [INFO] Fetching data from Adafruit IO
[2025-04-23T10:07:41.200Z] [ERROR] Error fetching data from Adafruit:
[2025-04-23T10:07:41.201Z] [ERROR] Error in scheduled Adafruit sync:
[2025-04-23T10:07:45.983Z] [INFO] Fetching data from Adafruit IO
[2025-04-23T10:07:46.760Z] [ERROR] Error fetching data from Adafruit:
[2025-04-23T10:07:46.760Z] [ERROR] Error in scheduled Adafruit sync:
[2025-04-23T10:07:50.017Z] [INFO] Fetching data from Adafruit IO
[2025-04-23T10:07:50.281Z] [ERROR] Error fetching data from Adafruit:
[2025-04-23T10:07:50.282Z] [ERROR] Error in scheduled Adafruit sync:
[2025-04-23T10:07:55.050Z] [INFO] Fetching data from Adafruit IO
[2025-04-23T10:07:56.106Z] [ERROR] Error fetching data from Adafruit:
[2025-04-23T10:07:56.106Z] [ERROR] Error in scheduled Adafruit sync:
[2025-04-23T10:08:00.103Z] [INFO] Fetching data from Adafruit IO
[2025-04-23T10:08:00.377Z] [ERROR] Error in scheduled Adafruit sync:
[2025-04-23T10:08:00.377Z] [ERROR] Error fetching data from Adafruit:
[2025-04-23T10:08:05.159Z] [INFO] Fetching data from Adafruit IO
[2025-04-23T10:08:06.229Z] [ERROR] Error fetching data from Adafruit:
[2025-04-23T10:08:06.229Z] [ERROR] Error in scheduled Adafruit sync:
[2025-04-23T10:08:10.220Z] [INFO] Fetching data from Adafruit IO
[2025-04-23T10:08:10.490Z] [ERROR] Error fetching data from Adafruit:
[2025-04-23T10:08:10.490Z] [ERROR] Error in scheduled Adafruit sync:
[2025-04-23T10:08:15.284Z] [INFO] Fetching data from Adafruit IO
[2025-04-23T10:08:16.063Z] [ERROR] Error fetching data from Adafruit:
[2025-04-23T10:08:16.063Z] [ERROR] Error in scheduled Adafruit sync:
[2025-04-23T10:08:20.325Z] [INFO] Fetching data from Adafruit IO
[2025-04-23T10:08:21.097Z] [ERROR] Error fetching data from Adafruit:
[2025-04-23T10:08:21.098Z] [ERROR] Error in scheduled Adafruit sync:
[2025-04-23T10:08:25.385Z] [INFO] Fetching data from Adafruit IO
[2025-04-23T10:08:26.174Z] [ERROR] Error fetching data from Adafruit:
[2025-04-23T10:08:26.174Z] [ERROR] Error in scheduled Adafruit sync:
[2025-04-23T10:08:30.439Z] [INFO] Fetching data from Adafruit IO
[2025-04-23T10:08:31.213Z] [ERROR] Error fetching data from Adafruit:
[2025-04-23T10:08:31.214Z] [ERROR] Error in scheduled Adafruit sync:
[2025-04-23T10:08:35.485Z] [INFO] Fetching data from Adafruit IO
[2025-04-23T10:08:36.262Z] [ERROR] Error fetching data from Adafruit:
[2025-04-23T10:08:36.262Z] [ERROR] Error in scheduled Adafruit sync:
[2025-04-23T10:08:40.524Z] [INFO] Fetching data from Adafruit IO
[2025-04-23T10:08:41.294Z] [ERROR] Error fetching data from Adafruit:
[2025-04-23T10:08:41.294Z] [ERROR] Error in scheduled Adafruit sync:
[2025-04-23T10:08:45.583Z] [INFO] Fetching data from Adafruit IO
[2025-04-23T10:08:46.622Z] [ERROR] Error fetching data from Adafruit:
[2025-04-23T10:08:46.623Z] [ERROR] Error in scheduled Adafruit sync:
[2025-04-23T10:08:50.632Z] [INFO] Fetching data from Adafruit IO
[2025-04-23T10:08:51.423Z] [ERROR] Error fetching data from Adafruit:
[2025-04-23T10:08:51.423Z] [ERROR] Error in scheduled Adafruit sync:
[2025-04-23T10:08:55.684Z] [INFO] Fetching data from Adafruit IO
[2025-04-23T10:08:56.468Z] [ERROR] Error fetching data from Adafruit:
[2025-04-23T10:08:56.469Z] [ERROR] Error in scheduled Adafruit sync:
[2025-04-23T10:09:00.739Z] [INFO] Fetching data from Adafruit IO
[2025-04-23T10:09:01.813Z] [ERROR] Error fetching data from Adafruit:
[2025-04-23T10:09:01.813Z] [ERROR] Error in scheduled Adafruit sync:
[2025-04-23T10:09:05.792Z] [INFO] Fetching data from Adafruit IO
[2025-04-23T10:09:06.068Z] [ERROR] Error fetching data from Adafruit:
[2025-04-23T10:09:06.068Z] [ERROR] Error in scheduled Adafruit sync:
[2025-04-23T10:09:10.843Z] [INFO] Fetching data from Adafruit IO
[2025-04-23T10:09:11.619Z] [ERROR] Error fetching data from Adafruit:
[2025-04-23T10:09:11.619Z] [ERROR] Error in scheduled Adafruit sync:
[2025-04-23T10:09:15.882Z] [INFO] Fetching data from Adafruit IO
[2025-04-23T10:09:16.663Z] [ERROR] Error fetching data from Adafruit:
[2025-04-23T10:09:16.664Z] [ERROR] Error in scheduled Adafruit sync:
[2025-04-23T10:09:20.917Z] [INFO] Fetching data from Adafruit IO
[2025-04-23T10:09:21.957Z] [ERROR] Error fetching data from Adafruit:
[2025-04-23T10:09:21.957Z] [ERROR] Error in scheduled Adafruit sync:
[2025-04-23T10:09:25.946Z] [INFO] Fetching data from Adafruit IO
[2025-04-23T10:09:26.215Z] [ERROR] Error fetching data from Adafruit:
[2025-04-23T10:09:26.215Z] [ERROR] Error in scheduled Adafruit sync:
[2025-04-23T10:09:30.992Z] [INFO] Fetching data from Adafruit IO
[2025-04-23T10:09:31.775Z] [ERROR] Error fetching data from Adafruit:
[2025-04-23T10:09:31.775Z] [ERROR] Error in scheduled Adafruit sync:
[2025-04-23T10:09:35.039Z] [INFO] Fetching data from Adafruit IO
[2025-04-23T10:09:35.321Z] [ERROR] Error fetching data from Adafruit:
[2025-04-23T10:09:35.321Z] [ERROR] Error in scheduled Adafruit sync:
[2025-04-23T10:09:40.107Z] [INFO] Fetching data from Adafruit IO
[2025-04-23T10:09:40.887Z] [ERROR] Error fetching data from Adafruit:
[2025-04-23T10:09:40.887Z] [ERROR] Error in scheduled Adafruit sync:
[2025-04-23T10:09:45.151Z] [INFO] Fetching data from Adafruit IO
[2025-04-23T10:09:45.924Z] [ERROR] Error fetching data from Adafruit:
[2025-04-23T10:09:45.924Z] [ERROR] Error in scheduled Adafruit sync:
[2025-04-23T10:09:50.202Z] [INFO] Fetching data from Adafruit IO
[2025-04-23T10:09:50.985Z] [ERROR] Error fetching data from Adafruit:
[2025-04-23T10:09:50.985Z] [ERROR] Error in scheduled Adafruit sync:
[2025-04-23T10:09:55.248Z] [INFO] Fetching data from Adafruit IO
[2025-04-23T10:09:56.018Z] [ERROR] Error fetching data from Adafruit:
[2025-04-23T10:09:56.018Z] [ERROR] Error in scheduled Adafruit sync:
[2025-04-23T10:10:00.304Z] [INFO] Fetching data from Adafruit IO
[2025-04-23T10:10:01.111Z] [ERROR] Error fetching data from Adafruit:
[2025-04-23T10:10:01.111Z] [ERROR] Error in scheduled Adafruit sync:
[2025-04-23T10:10:05.334Z] [INFO] Fetching data from Adafruit IO
[2025-04-23T10:10:06.115Z] [ERROR] Error fetching data from Adafruit:
[2025-04-23T10:10:06.115Z] [ERROR] Error in scheduled Adafruit sync:
[2025-04-23T10:10:10.390Z] [INFO] Fetching data from Adafruit IO
[2025-04-23T10:10:11.163Z] [ERROR] Error fetching data from Adafruit:
[2025-04-23T10:10:11.163Z] [ERROR] Error in scheduled Adafruit sync:
[2025-04-23T10:10:15.432Z] [INFO] Fetching data from Adafruit IO
[2025-04-23T10:10:16.219Z] [ERROR] Error fetching data from Adafruit:
[2025-04-23T10:10:16.220Z] [ERROR] Error in scheduled Adafruit sync:
[2025-04-23T10:10:20.485Z] [INFO] Fetching data from Adafruit IO
[2025-04-23T10:10:21.528Z] [ERROR] Error fetching data from Adafruit:
[2025-04-23T10:10:21.528Z] [ERROR] Error in scheduled Adafruit sync:
[2025-04-23T10:10:25.556Z] [INFO] Fetching data from Adafruit IO
[2025-04-23T10:10:26.610Z] [ERROR] Error fetching data from Adafruit:
[2025-04-23T10:10:26.610Z] [ERROR] Error in scheduled Adafruit sync:
[2025-04-23T10:10:30.603Z] [INFO] Fetching data from Adafruit IO
[2025-04-23T10:10:30.871Z] [ERROR] Error fetching data from Adafruit:
[2025-04-23T10:10:30.871Z] [ERROR] Error in scheduled Adafruit sync:
[2025-04-23T10:10:35.657Z] [INFO] Fetching data from Adafruit IO
[2025-04-23T10:10:36.452Z] [ERROR] Error fetching data from Adafruit:
[2025-04-23T10:10:36.452Z] [ERROR] Error in scheduled Adafruit sync:
[2025-04-23T10:10:40.719Z] [INFO] Fetching data from Adafruit IO
[2025-04-23T10:10:41.782Z] [ERROR] Error fetching data from Adafruit:
[2025-04-23T10:10:41.782Z] [ERROR] Error in scheduled Adafruit sync:
[2025-04-23T10:10:45.790Z] [INFO] Fetching data from Adafruit IO
[2025-04-23T10:10:46.058Z] [ERROR] Error fetching data from Adafruit:
[2025-04-23T10:10:46.059Z] [ERROR] Error in scheduled Adafruit sync:
[2025-04-23T10:10:50.820Z] [INFO] Fetching data from Adafruit IO
[2025-04-23T10:10:51.605Z] [ERROR] Error fetching data from Adafruit:
[2025-04-23T10:10:51.605Z] [ERROR] Error in scheduled Adafruit sync:
[2025-04-23T10:10:55.885Z] [INFO] Fetching data from Adafruit IO
[2025-04-23T10:10:56.654Z] [ERROR] Error fetching data from Adafruit:
[2025-04-23T10:10:56.654Z] [ERROR] Error in scheduled Adafruit sync:
[2025-04-23T10:11:00.913Z] [INFO] Fetching data from Adafruit IO
[2025-04-23T10:11:01.825Z] [ERROR] Error fetching data from Adafruit:
[2025-04-23T10:11:01.826Z] [ERROR] Error in scheduled Adafruit sync:
[2025-04-23T10:11:05.952Z] [INFO] Fetching data from Adafruit IO
[2025-04-23T10:11:06.731Z] [ERROR] Error fetching data from Adafruit:
[2025-04-23T10:11:06.731Z] [ERROR] Error in scheduled Adafruit sync:
[2025-04-23T10:11:10.994Z] [INFO] Fetching data from Adafruit IO
[2025-04-23T10:11:11.769Z] [ERROR] Error fetching data from Adafruit:
[2025-04-23T10:11:11.769Z] [ERROR] Error in scheduled Adafruit sync:
[2025-04-23T10:11:15.025Z] [INFO] Fetching data from Adafruit IO
[2025-04-23T10:11:15.291Z] [ERROR] Error fetching data from Adafruit:
[2025-04-23T10:11:15.292Z] [ERROR] Error in scheduled Adafruit sync:
[2025-04-23T10:11:20.070Z] [INFO] Fetching data from Adafruit IO
[2025-04-23T10:11:20.845Z] [ERROR] Error fetching data from Adafruit:
[2025-04-23T10:11:20.845Z] [ERROR] Error in scheduled Adafruit sync:
[2025-04-23T10:11:25.123Z] [INFO] Fetching data from Adafruit IO
[2025-04-23T10:11:25.900Z] [ERROR] Error fetching data from Adafruit:
[2025-04-23T10:11:25.900Z] [ERROR] Error in scheduled Adafruit sync:
[2025-04-23T10:11:30.182Z] [INFO] Fetching data from Adafruit IO
[2025-04-23T10:11:30.968Z] [ERROR] Error fetching data from Adafruit:
[2025-04-23T10:11:30.968Z] [ERROR] Error in scheduled Adafruit sync:
[2025-04-23T10:11:35.239Z] [INFO] Fetching data from Adafruit IO
[2025-04-23T10:11:36.021Z] [ERROR] Error fetching data from Adafruit:
[2025-04-23T10:11:36.022Z] [ERROR] Error in scheduled Adafruit sync:
[2025-04-23T10:11:40.279Z] [INFO] Fetching data from Adafruit IO
[2025-04-23T10:11:41.059Z] [ERROR] Error fetching data from Adafruit:
[2025-04-23T10:11:41.060Z] [ERROR] Error in scheduled Adafruit sync:
[2025-04-23T10:11:45.343Z] [INFO] Fetching data from Adafruit IO
[2025-04-23T10:11:46.373Z] [ERROR] Error fetching data from Adafruit:
[2025-04-23T10:11:46.373Z] [ERROR] Error in scheduled Adafruit sync:
[2025-04-23T10:11:50.407Z] [INFO] Fetching data from Adafruit IO
[2025-04-23T10:11:51.190Z] [ERROR] Error fetching data from Adafruit:
[2025-04-23T10:11:51.190Z] [ERROR] Error in scheduled Adafruit sync:
[2025-04-23T10:11:55.438Z] [INFO] Fetching data from Adafruit IO
[2025-04-23T10:11:56.504Z] [ERROR] Error fetching data from Adafruit:
[2025-04-23T10:11:56.504Z] [ERROR] Error in scheduled Adafruit sync:
[2025-04-23T10:12:00.457Z] [INFO] Fetching data from Adafruit IO
[2025-04-23T10:12:00.724Z] [ERROR] Error fetching data from Adafruit:
[2025-04-23T10:12:00.724Z] [ERROR] Error in scheduled Adafruit sync:
[2025-04-23T10:12:05.506Z] [INFO] Fetching data from Adafruit IO
[2025-04-23T10:12:06.600Z] [ERROR] Error fetching data from Adafruit:
[2025-04-23T10:12:06.600Z] [ERROR] Error in scheduled Adafruit sync:
[2025-04-23T10:12:10.564Z] [INFO] Fetching data from Adafruit IO
[2025-04-23T10:12:10.844Z] [ERROR] Error fetching data from Adafruit:
[2025-04-23T10:12:10.845Z] [ERROR] Error in scheduled Adafruit sync:
[2025-04-23T10:12:15.622Z] [INFO] Fetching data from Adafruit IO
[2025-04-23T10:12:16.409Z] [ERROR] Error fetching data from Adafruit:
[2025-04-23T10:12:16.410Z] [ERROR] Error in scheduled Adafruit sync:
[2025-04-23T10:12:20.664Z] [INFO] Fetching data from Adafruit IO
[2025-04-23T10:12:21.708Z] [ERROR] Error fetching data from Adafruit:
[2025-04-23T10:12:21.709Z] [ERROR] Error in scheduled Adafruit sync:
[2025-04-23T10:12:25.709Z] [INFO] Fetching data from Adafruit IO
[2025-04-23T10:12:25.974Z] [ERROR] Error fetching data from Adafruit:
[2025-04-23T10:12:25.974Z] [ERROR] Error in scheduled Adafruit sync:
[2025-04-23T10:12:30.755Z] [INFO] Fetching data from Adafruit IO
[2025-04-23T10:12:31.526Z] [ERROR] Error fetching data from Adafruit:
[2025-04-23T10:12:31.526Z] [ERROR] Error in scheduled Adafruit sync:
[2025-04-23T10:12:35.813Z] [INFO] Fetching data from Adafruit IO
[2025-04-23T10:12:36.878Z] [ERROR] Error fetching data from Adafruit:
[2025-04-23T10:12:36.878Z] [ERROR] Error in scheduled Adafruit sync:
[2025-04-23T10:12:40.875Z] [INFO] Fetching data from Adafruit IO
[2025-04-23T10:12:41.144Z] [ERROR] Error fetching data from Adafruit:
[2025-04-23T10:12:41.145Z] [ERROR] Error in scheduled Adafruit sync:
[2025-04-23T10:12:45.914Z] [INFO] Fetching data from Adafruit IO
[2025-04-23T10:12:46.691Z] [ERROR] Error fetching data from Adafruit:
[2025-04-23T10:12:46.692Z] [ERROR] Error in scheduled Adafruit sync:
[2025-04-23T10:12:50.960Z] [INFO] Fetching data from Adafruit IO
[2025-04-23T10:12:52.010Z] [ERROR] Error fetching data from Adafruit:
[2025-04-23T10:12:52.010Z] [ERROR] Error in scheduled Adafruit sync:
[2025-04-23T10:12:55.013Z] [INFO] Fetching data from Adafruit IO
[2025-04-23T10:12:55.280Z] [ERROR] Error fetching data from Adafruit:
[2025-04-23T10:12:55.280Z] [ERROR] Error in scheduled Adafruit sync:
[2025-04-23T10:13:00.044Z] [INFO] Fetching data from Adafruit IO
[2025-04-23T10:13:01.119Z] [ERROR] Error fetching data from Adafruit:
[2025-04-23T10:13:01.119Z] [ERROR] Error in scheduled Adafruit sync:
[2025-04-23T10:13:05.101Z] [INFO] Fetching data from Adafruit IO
[2025-04-23T10:13:05.377Z] [ERROR] Error fetching data from Adafruit:
[2025-04-23T10:13:05.378Z] [ERROR] Error in scheduled Adafruit sync:
[2025-04-23T10:13:10.149Z] [INFO] Fetching data from Adafruit IO
[2025-04-23T10:13:11.196Z] [ERROR] Error fetching data from Adafruit:
[2025-04-23T10:13:11.196Z] [ERROR] Error in scheduled Adafruit sync:
[2025-04-23T10:13:15.207Z] [INFO] Fetching data from Adafruit IO
[2025-04-23T10:13:15.471Z] [ERROR] Error fetching data from Adafruit:
[2025-04-23T10:13:15.471Z] [ERROR] Error in scheduled Adafruit sync:
[2025-04-23T10:13:20.246Z] [INFO] Fetching data from Adafruit IO
[2025-04-23T10:13:21.026Z] [ERROR] Error fetching data from Adafruit:
[2025-04-23T10:13:21.026Z] [ERROR] Error in scheduled Adafruit sync:
[2025-04-23T10:13:25.282Z] [INFO] Fetching data from Adafruit IO
[2025-04-23T10:13:26.344Z] [ERROR] Error fetching data from Adafruit:
[2025-04-23T10:13:26.344Z] [ERROR] Error in scheduled Adafruit sync:
[2025-04-23T10:13:30.337Z] [INFO] Fetching data from Adafruit IO
[2025-04-23T10:13:30.608Z] [ERROR] Error fetching data from Adafruit:
[2025-04-23T10:13:30.608Z] [ERROR] Error in scheduled Adafruit sync:
[2025-04-23T10:13:35.351Z] [INFO] Fetching data from Adafruit IO
[2025-04-23T10:13:36.394Z] [ERROR] Error fetching data from Adafruit:
[2025-04-23T10:13:36.395Z] [ERROR] Error in scheduled Adafruit sync:
[2025-04-23T10:13:40.405Z] [INFO] Fetching data from Adafruit IO
[2025-04-23T10:13:40.670Z] [ERROR] Error fetching data from Adafruit:
[2025-04-23T10:13:40.670Z] [ERROR] Error in scheduled Adafruit sync:
[2025-04-23T10:13:45.456Z] [INFO] Fetching data from Adafruit IO
[2025-04-23T10:13:46.513Z] [ERROR] Error fetching data from Adafruit:
[2025-04-23T10:13:46.514Z] [ERROR] Error in scheduled Adafruit sync:
[2025-04-23T10:13:50.493Z] [INFO] Fetching data from Adafruit IO
[2025-04-23T10:13:50.762Z] [ERROR] Error in scheduled Adafruit sync:
[2025-04-23T10:13:50.762Z] [ERROR] Error fetching data from Adafruit:
[2025-04-23T10:13:55.532Z] [INFO] Fetching data from Adafruit IO
[2025-04-23T10:13:56.322Z] [ERROR] Error fetching data from Adafruit:
[2025-04-23T10:13:56.322Z] [ERROR] Error in scheduled Adafruit sync:
[2025-04-23T10:14:00.559Z] [INFO] Fetching data from Adafruit IO
[2025-04-23T10:14:01.602Z] [ERROR] Error fetching data from Adafruit:
[2025-04-23T10:14:01.603Z] [ERROR] Error in scheduled Adafruit sync:
[2025-04-23T10:14:05.600Z] [INFO] Fetching data from Adafruit IO
[2025-04-23T10:14:05.863Z] [ERROR] Error fetching data from Adafruit:
[2025-04-23T10:14:05.864Z] [ERROR] Error in scheduled Adafruit sync:
[2025-04-23T10:14:10.644Z] [INFO] Fetching data from Adafruit IO
[2025-04-23T10:14:11.415Z] [ERROR] Error fetching data from Adafruit:
[2025-04-23T10:14:11.416Z] [ERROR] Error in scheduled Adafruit sync:
